particle_id,vx,vy,vz,px,py,pz,q,n_hits,hit_id_0,x_0,y_0,z_0,rho_0,eta_0,phi_0,volume_id_0,layer_id_0,module_id_0,value_0,hit_id_1,x_1,y_1,z_1,rho_1,eta_1,phi_1,volume_id_1,layer_id_1,module_id_1,value_1,hit_id_2,x_2,y_2,z_2,rho_2,eta_2,phi_2,volume_id_2,layer_id_2,module_id_2,value_2,hit_id_3,x_3,y_3,z_3,rho_3,eta_3,phi_3,volume_id_3,layer_id_3,module_id_3,value_3,hit_id_4,x_4,y_4,z_4,rho_4,eta_4,phi_4,volume_id_4,layer_id_4,module_id_4,value_4,hit_id_5,x_5,y_5,z_5,rho_5,eta_5,phi_5,volume_id_5,layer_id_5,module_id_5,value_5,hit_id_6,x_6,y_6,z_6,rho_6,eta_6,phi_6,volume_id_6,layer_id_6,module_id_6,value_6,hit_id_7,x_7,y_7,z_7,rho_7,eta_7,phi_7,volume_id_7,layer_id_7,module_id_7,value_7,hit_id_8,x_8,y_8,z_8,rho_8,eta_8,phi_8,volume_id_8,layer_id_8,module_id_8,value_8,hit_id_9,x_9,y_9,z_9,rho_9,eta_9,phi_9,volume_id_9,layer_id_9,module_id_9,value_9,hit_id_10,x_10,y_10,z_10,rho_10,eta_10,phi_10,volume_id_10,layer_id_10,module_id_10,value_10,hit_id_11,x_11,y_11,z_11,rho_11,eta_11,phi_11,volume_id_11,layer_id_11,module_id_11,value_11,hit_id_12,x_12,y_12,z_12,rho_12,eta_12,phi_12,volume_id_12,layer_id_12,module_id_12,value_12,hit_id_13,x_13,y_13,z_13,rho_13,eta_13,phi_13,volume_id_13,layer_id_13,module_id_13,value_13,hit_id_14,x_14,y_14,z_14,rho_14,eta_14,phi_14,volume_id_14,layer_id_14,module_id_14,value_14,hit_id_15,x_15,y_15,z_15,rho_15,eta_15,phi_15,volume_id_15,layer_id_15,module_id_15,value_15,hit_id_16,x_16,y_16,z_16,rho_16,eta_16,phi_16,volume_id_16,layer_id_16,module_id_16,value_16,hit_id_17,x_17,y_17,z_17,rho_17,eta_17,phi_17,volume_id_17,layer_id_17,module_id_17,value_17,hit_id_18,x_18,y_18,z_18,rho_18,eta_18,phi_18,volume_id_18,layer_id_18,module_id_18,value_18,hit_id_19,x_19,y_19,z_19,rho_19,eta_19,phi_19,volume_id_19,layer_id_19,module_id_19,value_19
4504218102661120.0,-0.0032179399859160185,-0.013404999859631062,-0.3681209981441498,-0.5155159831047058,-0.4401569962501526,-0.28838399052619934,1.0,10.0,17420.0,-24.585399627685547,-20.41320037841797,-13.975500106811523,31.955291748046875,-0.7085702419281006,-2.448648452758789,8.0,2.0,98.0,0.3192923069000244,26179.0,-56.510398864746094,-45.22760009765625,-31.276599884033203,72.38066864013672,-0.7175572514533997,-2.466643810272217,8.0,4.0,196.0,0.3311029076576233,33212.0,-92.247802734375,-70.98359680175781,-50.01620101928711,116.39728546142578,-0.7268209457397461,-2.4857354164123535,8.0,6.0,318.0,0.32197052240371704,38880.0,-138.16700744628906,-101.0199966430664,-73.40589904785156,171.15829467773438,-0.7383172512054443,-2.5102689266204834,8.0,8.0,398.0,0.3442237377166748,69141.0,-216.29400634765625,-144.802001953125,-111.4000015258789,260.2896728515625,-0.7566726207733154,-2.5516529083251953,13.0,2.0,364.0,2.0,75573.0,-311.74700927734375,-187.4010009765625,-155.60000610351562,363.7380065917969,-0.776610791683197,-2.600341558456421,13.0,4.0,453.0,2.0,81956.0,-448.1669921875,-231.2740020751953,-216.1999969482422,504.3226318359375,-0.8004078269004822,-2.665192127227783,13.0,6.0,630.0,2.0,87637.0,-605.947998046875,-258.5050048828125,-284.3999938964844,658.7850952148438,-0.8235089778900146,-2.7383570671081543,13.0,8.0,721.0,2.0,103410.0,-773.5440063476562,-262.88299560546875,-357.6000061035156,816.9931030273438,-0.8432642221450806,-2.813995361328125,17.0,2.0,847.0,3.0,108090.0,-995.1599731445312,-230.9340057373047,-449.79998779296875,1021.6035766601562,-0.8629516959190369,-2.913571357727051,17.0,4.0,918.0,4.0,0.0,0.0,0.0,0.0,0.0,0.0,0.0,0.0,0.0,0.0,0.0,0.0,0.0,0.0,0.0,0.0,0.0,0.0,0.0,0.0,0.0,0.0,0.0,0.0,0.0,0.0,0.0,0.0,0.0,0.0,0.0,0.0,0.0,0.0,0.0,0.0,0.0,0.0,0.0,0.0,0.0,0.0,0.0,0.0,0.0,0.0,0.0,0.0,0.0,0.0,0.0,0.0,0.0,0.0,0.0,0.0,0.0,0.0,0.0,0.0,0.0,0.0,0.0,0.0,0.0,0.0,0.0,0.0,0.0,0.0,0.0,0.0,0.0,0.0,0.0,0.0,0.0,0.0,0.0,0.0,0.0,0.0,0.0,0.0,0.0,0.0,0.0,0.0,0.0,0.0,0.0,0.0,0.0,0.0,0.0,0.0,0.0,0.0,0.0,0.0,0.0,0.0,0.0,0.0,0.0,0.0,0.0,0.0,0.0,0.0
4504424261091328.0,-0.0032179399859160185,-0.013404999859631062,-0.3681209981441498,-0.9411669969558716,-1.8975600004196167,-1.4074300527572632,-1.0,10.0,17502.0,-14.055999755859375,-28.675500869750977,-21.582599639892578,31.935176849365234,-0.42704299092292786,-2.026552677154541,8.0,2.0,99.0,0.36623167991638184,26260.0,-31.304100036621094,-64.72689819335938,-48.192901611328125,71.89936065673828,-0.42268815636634827,-2.0212652683258057,8.0,4.0,198.0,0.36109036207199097,32619.0,-49.91780090332031,-104.85099792480469,-77.67420196533203,116.12716674804688,-0.41760993003845215,-2.0151281356811523,8.0,6.0,270.0,0.3549615740776062,38924.0,-72.21420288085938,-154.7949981689453,-114.22200012207031,170.8109588623047,-0.4110952317714691,-2.0072989463806152,8.0,8.0,404.0,0.3173469007015228,68711.0,-107.08499908447266,-237.36500549316406,-174.1999969482422,260.40228271484375,-0.4004409611225128,-1.994598388671875,13.0,2.0,328.0,2.0,75621.0,-143.49200439453125,-330.875,-240.60000610351562,360.64971923828125,-0.38805773854255676,-1.9799911975860596,13.0,4.0,459.0,3.0,81641.0,-189.5659942626953,-462.20599365234375,-333.6000061035156,499.5694580078125,-0.3708963692188263,-1.9600075483322144,13.0,6.0,561.0,2.0,87380.0,-237.00799560546875,-617.947998046875,-442.6000061035156,661.8402099609375,-0.3508613109588623,-1.9370332956314087,13.0,8.0,632.0,1.0,102974.0,-275.99798583984375,-770.0700073242188,-542.0,818.035888671875,-0.33129724860191345,-1.914940357208252,17.0,2.0,624.0,2.0,107437.0,-316.12799072265625,-967.2680053710938,-683.2000122070312,1017.616943359375,-0.30586373805999756,-1.8866785764694214,17.0,4.0,487.0,2.0,0.0,0.0,0.0,0.0,0.0,0.0,0.0,0.0,0.0,0.0,0.0,0.0,0.0,0.0,0.0,0.0,0.0,0.0,0.0,0.0,0.0,0.0,0.0,0.0,0.0,0.0,0.0,0.0,0.0,0.0,0.0,0.0,0.0,0.0,0.0,0.0,0.0,0.0,0.0,0.0,0.0,0.0,0.0,0.0,0.0,0.0,0.0,0.0,0.0,0.0,0.0,0.0,0.0,0.0,0.0,0.0,0.0,0.0,0.0,0.0,0.0,0.0,0.0,0.0,0.0,0.0,0.0,0.0,0.0,0.0,0.0,0.0,0.0,0.0,0.0,0.0,0.0,0.0,0.0,0.0,0.0,0.0,0.0,0.0,0.0,0.0,0.0,0.0,0.0,0.0,0.0,0.0,0.0,0.0,0.0,0.0,0.0,0.0,0.0,0.0,0.0,0.0,0.0,0.0,0.0,0.0,0.0,0.0,0.0,0.0
4504492980568064.0,-0.0032179399859160185,-0.013404999859631062,-0.3681209981441498,-1.5275499820709229,-0.9709439873695374,-3.5876500606536865,1.0,10.0,17472.0,-27.423900604248047,-17.235300064086914,-64.55840301513672,32.39021301269531,-0.7687000632286072,-2.5804967880249023,8.0,2.0,98.0,0.687946081161499,24809.0,-61.020301818847656,-37.75279998779297,-142.64300537109375,71.75479888916016,-0.7715423703193665,-2.5875420570373535,8.0,4.0,131.0,0.6550715565681458,31629.0,-98.83439636230469,-60.154701232910156,-229.8260040283203,115.70145416259766,-0.7744488716125488,-2.5948433876037598,8.0,6.0,161.0,0.6516163945198059,37651.0,-147.70199584960938,-88.006103515625,-341.39801025390625,171.9329833984375,-0.7781306505203247,-2.604240894317627,8.0,8.0,163.0,0.666650652885437,65219.0,-547.9849853515625,-274.76800537109375,-1218.5,613.0130615234375,-0.8043412566184998,-2.6768136024475098,12.0,12.0,13.0,1.0,67517.0,-223.11300659179688,-128.66400146484375,-511.3999938964844,257.5535888671875,-0.7835907340049744,-2.618499517440796,13.0,2.0,204.0,2.0,73928.0,-313.59698486328125,-173.8730010986328,-712.0,358.57342529296875,-0.7898440957069397,-2.6353414058685303,13.0,4.0,173.0,1.0,79788.0,-447.2539978027344,-234.2989959716797,-1002.4000244140625,504.9080810546875,-0.7982844710350037,-2.659038782119751,13.0,6.0,6.0,2.0,100395.0,-823.2639770507812,-365.18499755859375,-1802.5,900.6240234375,-0.8193138241767883,-2.7240889072418213,16.0,8.0,7.0,1.0,100873.0,-682.6790161132812,-323.14599609375,-1494.5,755.2972412109375,-0.811729371547699,-2.699491500854492,16.0,10.0,8.0,2.0,0.0,0.0,0.0,0.0,0.0,0.0,0.0,0.0,0.0,0.0,0.0,0.0,0.0,0.0,0.0,0.0,0.0,0.0,0.0,0.0,0.0,0.0,0.0,0.0,0.0,0.0,0.0,0.0,0.0,0.0,0.0,0.0,0.0,0.0,0.0,0.0,0.0,0.0,0.0,0.0,0.0,0.0,0.0,0.0,0.0,0.0,0.0,0.0,0.0,0.0,0.0,0.0,0.0,0.0,0.0,0.0,0.0,0.0,0.0,0.0,0.0,0.0,0.0,0.0,0.0,0.0,0.0,0.0,0.0,0.0,0.0,0.0,0.0,0.0,0.0,0.0,0.0,0.0,0.0,0.0,0.0,0.0,0.0,0.0,0.0,0.0,0.0,0.0,0.0,0.0,0.0,0.0,0.0,0.0,0.0,0.0,0.0,0.0,0.0,0.0,0.0,0.0,0.0,0.0,0.0,0.0,0.0,0.0,0.0,0.0
4504630419521536.0,-0.0032179399859160185,-0.013404999859631062,-0.3681209981441498,-1.1819700002670288,-1.0089499950408936,-1.1218899488449097,1.0,10.0,17457.0,-24.42169952392578,-20.596399307250977,-23.42329978942871,31.947317123413086,-0.7046565413475037,-2.4409632682800293,8.0,2.0,98.0,0.381426602602005,26193.0,-55.571998596191406,-46.090599060058594,-52.55550003051758,72.19827270507812,-0.708843469619751,-2.4491889476776123,8.0,4.0,196.0,0.3936628997325897,32570.0,-89.46630096435547,-72.97329711914062,-83.82240295410156,115.45268249511719,-0.7129620313644409,-2.457380771636963,8.0,6.0,266.0,0.39484602212905884,38897.0,-134.43699645996094,-107.33000183105469,-124.80699920654297,172.02626037597656,-0.7181499004364014,-2.467848539352417,8.0,8.0,399.0,0.3740682899951935,68669.0,-205.81700134277344,-158.63299560546875,-188.60000610351562,259.8558349609375,-0.7264429330825806,-2.4849448204040527,13.0,2.0,325.0,1.0,75201.0,-289.1319885253906,-213.89100646972656,-261.0,359.6479797363281,-0.7357345223426819,-2.504671335220337,13.0,4.0,398.0,2.0,81291.0,-411.72198486328125,-286.9419860839844,-364.6000061035156,501.8472900390625,-0.7485288977622986,-2.5329291820526123,13.0,6.0,476.0,2.0,87068.0,-551.0650024414062,-359.135009765625,-478.3999938964844,657.7617797851562,-0.7619046568870544,-2.5640158653259277,13.0,8.0,520.0,2.0,102718.0,-701.8330078125,-425.9460144042969,-601.7999877929688,820.9747924804688,-0.774949312210083,-2.596111297607422,17.0,2.0,491.0,1.0,107411.0,-889.1160278320312,-493.8370056152344,-748.0,1017.0557250976562,-0.7895710468292236,-2.634594202041626,17.0,4.0,469.0,2.0,0.0,0.0,0.0,0.0,0.0,0.0,0.0,0.0,0.0,0.0,0.0,0.0,0.0,0.0,0.0,0.0,0.0,0.0,0.0,0.0,0.0,0.0,0.0,0.0,0.0,0.0,0.0,0.0,0.0,0.0,0.0,0.0,0.0,0.0,0.0,0.0,0.0,0.0,0.0,0.0,0.0,0.0,0.0,0.0,0.0,0.0,0.0,0.0,0.0,0.0,0.0,0.0,0.0,0.0,0.0,0.0,0.0,0.0,0.0,0.0,0.0,0.0,0.0,0.0,0.0,0.0,0.0,0.0,0.0,0.0,0.0,0.0,0.0,0.0,0.0,0.0,0.0,0.0,0.0,0.0,0.0,0.0,0.0,0.0,0.0,0.0,0.0,0.0,0.0,0.0,0.0,0.0,0.0,0.0,0.0,0.0,0.0,0.0,0.0,0.0,0.0,0.0,0.0,0.0,0.0,0.0,0.0,0.0,0.0,0.0
4504767858475008.0,-0.0032179399859160185,-0.013404999859631062,-0.3681209981441498,-0.2156369984149933,0.47675400972366333,-0.9779210090637207,1.0,10.0,18882.0,-12.65530014038086,29.405399322509766,-60.22100067138672,32.013031005859375,-0.38568395376205444,1.9772093296051025,8.0,2.0,109.0,0.6195226907730103,25917.0,-26.61210060119629,65.97599792480469,-133.42999267578125,71.14096069335938,-0.36585894227027893,1.9541960954666138,8.0,4.0,186.0,0.6387503147125244,31875.0,-40.456199645996094,107.65899658203125,-215.97999572753906,115.00940704345703,-0.34488627314567566,1.9302514791488647,8.0,6.0,198.0,0.6524024605751038,37891.0,-55.553199768066406,162.88400268554688,-323.4729919433594,172.09693908691406,-0.31744328141212463,1.8994845151901245,8.0,8.0,219.0,0.6543768644332886,66155.0,-39.82229995727539,630.1799926757812,-1215.5,631.4369506835938,-0.06302443891763687,1.6339043378829956,12.0,12.0,130.0,3.0,67711.0,-71.43470001220703,250.406005859375,-491.0,260.3960266113281,-0.27100157737731934,1.8486902713775635,13.0,2.0,232.0,2.0,74087.0,-78.80439758300781,353.0920104980469,-684.7999877929688,361.7790832519531,-0.21613779664039612,1.7903813123703003,13.0,4.0,212.0,3.0,80125.0,-69.97550201416016,492.156005859375,-948.0,497.1057434082031,-0.1403050571680069,1.7120312452316284,13.0,6.0,139.0,3.0,100690.0,94.27149963378906,906.1300048828125,-1805.5,911.0206909179688,0.10329525917768478,1.4671317338943481,16.0,8.0,72.0,2.0,101217.0,13.31149959564209,766.3699951171875,-1494.5,766.485595703125,0.017366066575050354,1.5534285306930542,16.0,10.0,73.0,2.0,0.0,0.0,0.0,0.0,0.0,0.0,0.0,0.0,0.0,0.0,0.0,0.0,0.0,0.0,0.0,0.0,0.0,0.0,0.0,0.0,0.0,0.0,0.0,0.0,0.0,0.0,0.0,0.0,0.0,0.0,0.0,0.0,0.0,0.0,0.0,0.0,0.0,0.0,0.0,0.0,0.0,0.0,0.0,0.0,0.0,0.0,0.0,0.0,0.0,0.0,0.0,0.0,0.0,0.0,0.0,0.0,0.0,0.0,0.0,0.0,0.0,0.0,0.0,0.0,0.0,0.0,0.0,0.0,0.0,0.0,0.0,0.0,0.0,0.0,0.0,0.0,0.0,0.0,0.0,0.0,0.0,0.0,0.0,0.0,0.0,0.0,0.0,0.0,0.0,0.0,0.0,0.0,0.0,0.0,0.0,0.0,0.0,0.0,0.0,0.0,0.0,0.0,0.0,0.0,0.0,0.0,0.0,0.0,0.0,0.0
4505111455858688.0,-0.0032179399859160185,-0.013404999859631062,-0.3681209981441498,0.13316699862480164,0.3113250136375427,0.7150160074234009,-1.0,10.0,20678.0,11.609800338745117,29.30470085144043,66.26319885253906,31.520675659179688,0.36046627163887024,1.1935913562774658,8.0,2.0,123.0,0.71989905834198,29290.0,24.362499237060547,68.10990142822266,152.99400329589844,72.33595275878906,0.330733984708786,1.2272837162017822,8.0,4.0,311.0,0.7235976457595825,36060.0,34.82320022583008,110.9469985961914,246.50100708007812,116.2836685180664,0.295163094997406,1.2666616439819336,8.0,6.0,557.0,0.7194127440452576,42483.0,42.98630142211914,167.06500244140625,366.8240051269531,172.50662231445312,0.2466769963502884,1.3189562559127808,8.0,8.0,992.0,0.728035569190979,72202.0,44.36989974975586,257.8429870605469,559.52001953125,261.63275146484375,0.16878589987754822,1.4003841876983643,13.0,2.0,629.0,5.0,79165.0,30.486900329589844,355.7650146484375,767.5,357.06890869140625,0.08527758717536926,1.4853112697601318,13.0,4.0,994.0,4.0,92488.0,-50.92290115356445,547.4849853515625,1215.5,549.84814453125,-0.09248072654008865,1.6635419130325317,14.0,2.0,130.0,3.0,93890.0,-131.177001953125,648.4630126953125,1498.5,661.5978393554688,-0.19699633121490479,1.7703919410705566,14.0,4.0,133.0,3.0,113109.0,-228.65199279785156,730.8909912109375,1797.5,765.822021484375,-0.29430368542671204,1.8739908933639526,18.0,6.0,79.0,3.0,113526.0,-357.6440124511719,815.6179809570312,2155.5,890.5851440429688,-0.3915048837661743,1.9840412139892578,18.0,8.0,80.0,2.0,0.0,0.0,0.0,0.0,0.0,0.0,0.0,0.0,0.0,0.0,0.0,0.0,0.0,0.0,0.0,0.0,0.0,0.0,0.0,0.0,0.0,0.0,0.0,0.0,0.0,0.0,0.0,0.0,0.0,0.0,0.0,0.0,0.0,0.0,0.0,0.0,0.0,0.0,0.0,0.0,0.0,0.0,0.0,0.0,0.0,0.0,0.0,0.0,0.0,0.0,0.0,0.0,0.0,0.0,0.0,0.0,0.0,0.0,0.0,0.0,0.0,0.0,0.0,0.0,0.0,0.0,0.0,0.0,0.0,0.0,0.0,0.0,0.0,0.0,0.0,0.0,0.0,0.0,0.0,0.0,0.0,0.0,0.0,0.0,0.0,0.0,0.0,0.0,0.0,0.0,0.0,0.0,0.0,0.0,0.0,0.0,0.0,0.0,0.0,0.0,0.0,0.0,0.0,0.0,0.0,0.0,0.0,0.0,0.0,0.0
4505523772719104.0,-0.0032179399859160185,-0.013404999859631062,-0.3681209981441498,0.17199699580669403,0.41406500339508057,-3.1630399227142334,-1.0,10.0,4193.0,45.51139831542969,149.39700317382812,-1098.0,156.17538452148438,0.2874377369880676,1.275093674659729,7.0,6.0,76.0,0.2913089990615845,6311.0,41.13330078125,130.04100036621094,-958.0,136.39138793945312,0.29718875885009766,1.2644439935684204,7.0,8.0,76.0,0.2816619873046875,8782.0,36.40549850463867,110.74299621582031,-818.0,116.57345581054688,0.3074309825897217,1.2531867027282715,7.0,10.0,76.0,0.32673001289367676,11379.0,31.98270034790039,94.13310241699219,-697.5,99.41797637939453,0.3163941204547882,1.2432725429534912,7.0,12.0,74.0,0.3865337073802948,14148.0,28.06439971923828,80.36180114746094,-597.5,85.12126159667969,0.32400044798851013,1.234811544418335,7.0,14.0,74.0,0.30118998885154724,15608.0,11.474699974060059,29.369800567626953,-222.85299682617188,31.53179359436035,0.35632088780403137,1.1983351707458496,8.0,2.0,59.0,2.12791109085083,59947.0,75.88400268554688,406.0260009765625,-2954.5,413.0562744140625,0.18269550800323486,1.3860334157943726,12.0,2.0,123.0,1.0,61029.0,70.57980346679688,351.3949890136719,-2548.5,358.4130859375,0.19567200541496277,1.3725777864456177,12.0,4.0,122.0,2.0,62211.0,66.21800231933594,295.70001220703125,-2148.5,303.02362060546875,0.2168213278055191,1.350494384765625,12.0,6.0,122.0,1.0,63437.0,61.45370101928711,247.49899291992188,-1798.5,255.0143280029297,0.23870790004730225,1.327419400215149,12.0,8.0,122.0,1.0,0.0,0.0,0.0,0.0,0.0,0.0,0.0,0.0,0.0,0.0,0.0,0.0,0.0,0.0,0.0,0.0,0.0,0.0,0.0,0.0,0.0,0.0,0.0,0.0,0.0,0.0,0.0,0.0,0.0,0.0,0.0,0.0,0.0,0.0,0.0,0.0,0.0,0.0,0.0,0.0,0.0,0.0,0.0,0.0,0.0,0.0,0.0,0.0,0.0,0.0,0.0,0.0,0.0,0.0,0.0,0.0,0.0,0.0,0.0,0.0,0.0,0.0,0.0,0.0,0.0,0.0,0.0,0.0,0.0,0.0,0.0,0.0,0.0,0.0,0.0,0.0,0.0,0.0,0.0,0.0,0.0,0.0,0.0,0.0,0.0,0.0,0.0,0.0,0.0,0.0,0.0,0.0,0.0,0.0,0.0,0.0,0.0,0.0,0.0,0.0,0.0,0.0,0.0,0.0,0.0,0.0,0.0,0.0,0.0,0.0
4505592492195840.0,-0.0032179399859160185,-0.013404999859631062,-0.3681209981441498,2.2622900009155273,1.5911099910736084,-14.147299766540527,1.0,10.0,8537.0,133.00999450683594,90.17440032958984,-822.0,160.69561767578125,0.7541632056236267,0.5957748889923096,7.0,10.0,65.0,0.28686898946762085,11161.0,113.40599822998047,77.29070281982422,-702.0,137.23983764648438,0.7531000971794128,0.5982288718223572,7.0,12.0,65.0,0.31590399146080017,13927.0,97.09390258789062,66.48059844970703,-602.0,117.67283630371094,0.7521617412567139,0.600386381149292,7.0,14.0,65.0,0.2980380058288574,16044.0,26.377199172973633,18.40719985961914,-164.93600463867188,32.164913177490234,0.7482568621635437,0.6092782616615295,8.0,2.0,74.0,1.584218978881836,23958.0,58.44260025024414,40.44219970703125,-363.7869873046875,71.07115936279297,0.7499956488609314,0.6053357124328613,8.0,4.0,51.0,1.595947504043579,59785.0,486.0610046386719,306.5419921875,-2945.5,574.6505737304688,0.7680626511573792,0.5626631379127502,12.0,2.0,101.0,1.0,60911.0,420.0090026855469,266.9169921875,-2551.5,497.6466979980469,0.7666516304016113,0.566116452217102,12.0,4.0,102.0,1.0,62067.0,353.76300048828125,227.56399536132812,-2151.5,420.6347961425781,0.7643813490867615,0.5716273188591003,12.0,6.0,102.0,1.0,63271.0,293.4960021972656,191.25100708007812,-1795.5,350.3096618652344,0.761928141117096,0.5775207281112671,12.0,8.0,100.0,1.0,64558.0,244.41299438476562,161.06500244140625,-1495.5,292.71087646484375,0.7597644329071045,0.5826671123504639,12.0,10.0,100.0,1.0,0.0,0.0,0.0,0.0,0.0,0.0,0.0,0.0,0.0,0.0,0.0,0.0,0.0,0.0,0.0,0.0,0.0,0.0,0.0,0.0,0.0,0.0,0.0,0.0,0.0,0.0,0.0,0.0,0.0,0.0,0.0,0.0,0.0,0.0,0.0,0.0,0.0,0.0,0.0,0.0,0.0,0.0,0.0,0.0,0.0,0.0,0.0,0.0,0.0,0.0,0.0,0.0,0.0,0.0,0.0,0.0,0.0,0.0,0.0,0.0,0.0,0.0,0.0,0.0,0.0,0.0,0.0,0.0,0.0,0.0,0.0,0.0,0.0,0.0,0.0,0.0,0.0,0.0,0.0,0.0,0.0,0.0,0.0,0.0,0.0,0.0,0.0,0.0,0.0,0.0,0.0,0.0,0.0,0.0,0.0,0.0,0.0,0.0,0.0,0.0,0.0,0.0,0.0,0.0,0.0,0.0,0.0,0.0,0.0,0.0
4505729931149312.0,-0.0032179399859160185,-0.013404999859631062,-0.3681209981441498,0.13783100247383118,-0.1459989994764328,-1.0557500123977661,1.0,10.0,7855.0,77.26170349121094,-132.6999969482422,-822.0,153.55345153808594,0.4840349853038788,-1.0435466766357422,7.0,10.0,37.0,0.29005029797554016,10471.0,69.88040161132812,-111.53600311279297,-702.0,131.61895751953125,0.5087036490440369,-1.0110992193222046,7.0,12.0,37.0,0.304967999458313,13241.0,62.382198333740234,-93.58830261230469,-598.0,112.47358703613281,0.5295409560203552,-0.9828677177429199,7.0,14.0,38.0,0.344560444355011,15929.0,20.736499786376953,-24.296600341796875,-168.52499389648438,31.94256019592285,0.6105374097824097,-0.8642892837524414,8.0,2.0,70.0,1.5879335403442383,23911.0,43.437198638916016,-57.725799560546875,-382.30999755859375,72.24304962158203,0.5699089765548706,-0.9257133603096008,8.0,4.0,44.0,1.6889506578445435,59435.0,4.0159101486206055,-483.135009765625,-2954.5,483.1517028808594,0.008311804383993149,-1.5624843835830688,12.0,2.0,44.0,2.0,60513.0,37.200599670410156,-431.9939880371094,-2554.5,433.5927734375,0.08569128066301346,-1.4848945140838623,12.0,4.0,44.0,2.0,61705.0,67.097900390625,-369.4859924316406,-2145.5,375.52899169921875,0.17773836851119995,-1.3911559581756592,12.0,6.0,49.0,1.0,62906.0,85.51390075683594,-310.8580017089844,-1795.5,322.405517578125,0.26222169399261475,-1.3023464679718018,12.0,8.0,49.0,1.0,64184.0,92.69490051269531,-256.7820129394531,-1498.5,273.0006408691406,0.33333370089530945,-1.2243674993515015,12.0,10.0,52.0,1.0,0.0,0.0,0.0,0.0,0.0,0.0,0.0,0.0,0.0,0.0,0.0,0.0,0.0,0.0,0.0,0.0,0.0,0.0,0.0,0.0,0.0,0.0,0.0,0.0,0.0,0.0,0.0,0.0,0.0,0.0,0.0,0.0,0.0,0.0,0.0,0.0,0.0,0.0,0.0,0.0,0.0,0.0,0.0,0.0,0.0,0.0,0.0,0.0,0.0,0.0,0.0,0.0,0.0,0.0,0.0,0.0,0.0,0.0,0.0,0.0,0.0,0.0,0.0,0.0,0.0,0.0,0.0,0.0,0.0,0.0,0.0,0.0,0.0,0.0,0.0,0.0,0.0,0.0,0.0,0.0,0.0,0.0,0.0,0.0,0.0,0.0,0.0,0.0,0.0,0.0,0.0,0.0,0.0,0.0,0.0,0.0,0.0,0.0,0.0,0.0,0.0,0.0,0.0,0.0,0.0,0.0,0.0,0.0,0.0,0.0
4505798650626048.0,-0.0032179399859160185,-0.013404999859631062,-0.3681209981441498,0.17859700322151184,-0.3295130133628845,0.26436200737953186,1.0,10.0,19997.0,14.769700050354004,-28.962299346923828,22.5403995513916,32.510902404785156,0.43996772170066833,-1.0992101430892944,8.0,2.0,118.0,0.41129395365715027,27487.0,30.999799728393555,-65.33989715576172,50.36349868774414,72.32074737548828,0.4164968430995941,-1.1278057098388672,8.0,4.0,235.0,0.3817022144794464,34828.0,46.406700134277344,-106.83100128173828,80.95249938964844,116.47508239746094,0.38857340812683105,-1.1609961986541748,8.0,6.0,433.0,0.38377004861831665,40707.0,61.283199310302734,-160.0290069580078,118.58300018310547,171.3619384765625,0.35040923953056335,-1.205073595046997,8.0,8.0,648.0,0.3799305856227875,70897.0,74.95140075683594,-253.08099365234375,181.8000030517578,263.9464111328125,0.28028032183647156,-1.2828700542449951,13.0,2.0,492.0,3.0,77397.0,73.68119812011719,-356.1520080566406,251.60000610351562,363.69378662109375,0.20123042166233063,-1.366792917251587,13.0,4.0,688.0,4.0,83861.0,43.59400177001953,-497.1260070800781,349.20001220703125,499.0337829589844,0.0872461199760437,-1.4833279848098755,13.0,6.0,1035.0,4.0,90077.0,-37.00849914550781,-658.0089721679688,472.3999938964844,659.0488891601562,-0.056124839931726456,-1.6269803047180176,13.0,8.0,1555.0,5.0,105705.0,-179.51499938964844,-803.7789916992188,612.5999755859375,823.5814208984375,-0.2162785679101944,-1.7905290126800537,17.0,2.0,1946.0,5.0,111133.0,-452.56201171875,-919.031005859375,828.0499877929688,1024.4171142578125,-0.42853766679763794,-2.0283727645874023,17.0,4.0,2763.0,8.0,0.0,0.0,0.0,0.0,0.0,0.0,0.0,0.0,0.0,0.0,0.0,0.0,0.0,0.0,0.0,0.0,0.0,0.0,0.0,0.0,0.0,0.0,0.0,0.0,0.0,0.0,0.0,0.0,0.0,0.0,0.0,0.0,0.0,0.0,0.0,0.0,0.0,0.0,0.0,0.0,0.0,0.0,0.0,0.0,0.0,0.0,0.0,0.0,0.0,0.0,0.0,0.0,0.0,0.0,0.0,0.0,0.0,0.0,0.0,0.0,0.0,0.0,0.0,0.0,0.0,0.0,0.0,0.0,0.0,0.0,0.0,0.0,0.0,0.0,0.0,0.0,0.0,0.0,0.0,0.0,0.0,0.0,0.0,0.0,0.0,0.0,0.0,0.0,0.0,0.0,0.0,0.0,0.0,0.0,0.0,0.0,0.0,0.0,0.0,0.0,0.0,0.0,0.0,0.0,0.0,0.0,0.0,0.0,0.0,0.0
4505867370102784.0,-0.0032179399859160185,-0.013404999859631062,-0.3681209981441498,0.4713900089263916,-0.5891460180282593,1.1637599468231201,-1.0,10.0,20004.0,19.957000732421875,-24.32900047302246,48.15599822998047,31.467159271240234,0.5979433059692383,-0.883801281452179,8.0,2.0,118.0,0.5315380096435547,28463.0,46.67100143432617,-54.94089889526367,110.88400268554688,72.0880355834961,0.6090571284294128,-0.8666062951087952,8.0,4.0,268.0,0.5446219444274902,35430.0,75.92900085449219,-86.39510345458984,177.23599243164062,115.01881408691406,0.6197099685668945,-0.8497856259346008,8.0,6.0,487.0,0.5499482750892639,41696.0,116.29900360107422,-126.49500274658203,264.9230041503906,171.8325958251953,0.6335697770118713,-0.8273679614067078,8.0,8.0,809.0,0.5375522375106812,71736.0,186.41000366210938,-188.5240020751953,409.6000061035156,265.1225891113281,0.6552114486694336,-0.7910364270210266,13.0,2.0,575.0,4.0,78521.0,260.0690002441406,-244.8820037841797,552.4000244140625,357.2157287597656,0.6754903197288513,-0.7553310394287109,13.0,4.0,862.0,3.0,85089.0,380.0710144042969,-320.77301025390625,770.7999877929688,497.34222412109375,0.7044718265533447,-0.7009897828102112,13.0,6.0,1357.0,2.0,91259.0,532.9869995117188,-393.65899658203125,1030.5999755859375,662.6028442382812,0.7360877990722656,-0.6361587643623352,13.0,8.0,2081.0,3.0,111976.0,644.5540161132812,-432.1199951171875,1214.5,776.0009765625,0.7563924789428711,-0.5905945301055908,18.0,2.0,40.0,2.0,112503.0,831.6439819335938,-476.6830139160156,1505.5,958.5709838867188,0.784579873085022,-0.5204666256904602,18.0,4.0,41.0,4.0,0.0,0.0,0.0,0.0,0.0,0.0,0.0,0.0,0.0,0.0,0.0,0.0,0.0,0.0,0.0,0.0,0.0,0.0,0.0,0.0,0.0,0.0,0.0,0.0,0.0,0.0,0.0,0.0,0.0,0.0,0.0,0.0,0.0,0.0,0.0,0.0,0.0,0.0,0.0,0.0,0.0,0.0,0.0,0.0,0.0,0.0,0.0,0.0,0.0,0.0,0.0,0.0,0.0,0.0,0.0,0.0,0.0,0.0,0.0,0.0,0.0,0.0,0.0,0.0,0.0,0.0,0.0,0.0,0.0,0.0,0.0,0.0,0.0,0.0,0.0,0.0,0.0,0.0,0.0,0.0,0.0,0.0,0.0,0.0,0.0,0.0,0.0,0.0,0.0,0.0,0.0,0.0,0.0,0.0,0.0,0.0,0.0,0.0,0.0,0.0,0.0,0.0,0.0,0.0,0.0,0.0,0.0,0.0,0.0,0.0
4506004809056256.0,-0.0032179399859160185,-0.013404999859631062,-0.3681209981441498,5.660419940948486,0.7743350267410278,4.197229862213135,1.0,10.0,20438.0,31.807199478149414,4.285679817199707,23.207199096679688,32.09462356567383,0.8750268816947937,0.1339326798915863,8.0,2.0,121.0,0.37291499972343445,27663.0,70.83270263671875,9.388130187988281,52.125999450683594,71.4521484375,0.8752301335334778,0.13177147507667542,8.0,4.0,241.0,0.3688579499721527,34940.0,114.43499755859375,14.911700248718262,84.41110229492188,115.40245819091797,0.8754332065582275,0.12957705557346344,8.0,6.0,443.0,0.382241427898407,40822.0,170.73699951171875,21.726299285888672,126.06099700927734,172.11378479003906,0.875705897808075,0.12656985223293304,8.0,8.0,665.0,0.3647911846637726,70989.0,261.5169982910156,32.01750183105469,193.39999389648438,263.46966552734375,0.876123309135437,0.12182364612817764,13.0,2.0,501.0,1.0,77892.0,360.0220031738281,42.25310134887695,265.79998779296875,362.49298095703125,0.8765453100204468,0.11682811379432678,13.0,4.0,757.0,2.0,84283.0,497.6780090332031,54.78139877319336,367.0,500.6839294433594,0.8771219849586487,0.10963261872529984,13.0,6.0,1133.0,1.0,90154.0,656.0419921875,66.8385009765625,483.79998779296875,659.43798828125,0.8777274489402771,0.10153111070394516,13.0,8.0,1583.0,2.0,105770.0,819.8350219726562,76.57510375976562,601.7999877929688,823.4034423828125,0.8783059120178223,0.0931328535079956,17.0,2.0,1982.0,1.0,110945.0,1018.4299926757812,84.54049682617188,748.0,1021.932861328125,0.8789477944374084,0.08282072842121124,17.0,4.0,2662.0,1.0,0.0,0.0,0.0,0.0,0.0,0.0,0.0,0.0,0.0,0.0,0.0,0.0,0.0,0.0,0.0,0.0,0.0,0.0,0.0,0.0,0.0,0.0,0.0,0.0,0.0,0.0,0.0,0.0,0.0,0.0,0.0,0.0,0.0,0.0,0.0,0.0,0.0,0.0,0.0,0.0,0.0,0.0,0.0,0.0,0.0,0.0,0.0,0.0,0.0,0.0,0.0,0.0,0.0,0.0,0.0,0.0,0.0,0.0,0.0,0.0,0.0,0.0,0.0,0.0,0.0,0.0,0.0,0.0,0.0,0.0,0.0,0.0,0.0,0.0,0.0,0.0,0.0,0.0,0.0,0.0,0.0,0.0,0.0,0.0,0.0,0.0,0.0,0.0,0.0,0.0,0.0,0.0,0.0,0.0,0.0,0.0,0.0,0.0,0.0,0.0,0.0,0.0,0.0,0.0,0.0,0.0,0.0,0.0,0.0,0.0
4506073528532992.0,-0.0032179399859160185,-0.013404999859631062,-0.3681209981441498,2.2547800540924072,0.4906719923019409,2.0645999908447266,-1.0,10.0,20375.0,30.910600662231445,6.849909782409668,27.968000411987305,31.66048812866211,0.8645259737968445,0.21807964146137238,8.0,2.0,121.0,0.4152020215988159,27689.0,70.847900390625,16.11479949951172,64.64209747314453,72.6574935913086,0.8636524677276611,0.22365112602710724,8.0,4.0,242.0,0.4490143060684204,34946.0,112.56900024414062,26.292800903320312,103.05599975585938,115.59883880615234,0.862718403339386,0.22945687174797058,8.0,6.0,444.0,0.41080930829048157,41343.0,166.23300170898438,40.11280059814453,152.66099548339844,171.0042266845703,0.8615062832832336,0.23677824437618256,8.0,8.0,744.0,0.40445399284362793,71006.0,253.968994140625,64.60269927978516,234.1999969482422,262.0567932128906,0.8593810796737671,0.24908959865570068,13.0,2.0,502.0,2.0,77904.0,345.38299560546875,92.43379974365234,320.3999938964844,357.5379943847656,0.8571290373802185,0.26149868965148926,13.0,4.0,759.0,1.0,84294.0,481.8089904785156,138.7030029296875,449.79998779296875,501.3765563964844,0.8535059094429016,0.28030043840408325,13.0,6.0,1135.0,2.0,90426.0,634.2009887695312,197.0279998779297,595.7999877929688,664.1016235351562,0.8491756916046143,0.3012179434299469,13.0,8.0,1688.0,2.0,106029.0,774.5999755859375,257.40399169921875,737.2000122070312,816.2487182617188,0.8448296785354614,0.32082539796829224,17.0,2.0,2107.0,2.0,111476.0,957.2680053710938,345.677001953125,918.0,1017.7694091796875,0.8387088179588318,0.34653598070144653,17.0,4.0,2973.0,3.0,0.0,0.0,0.0,0.0,0.0,0.0,0.0,0.0,0.0,0.0,0.0,0.0,0.0,0.0,0.0,0.0,0.0,0.0,0.0,0.0,0.0,0.0,0.0,0.0,0.0,0.0,0.0,0.0,0.0,0.0,0.0,0.0,0.0,0.0,0.0,0.0,0.0,0.0,0.0,0.0,0.0,0.0,0.0,0.0,0.0,0.0,0.0,0.0,0.0,0.0,0.0,0.0,0.0,0.0,0.0,0.0,0.0,0.0,0.0,0.0,0.0,0.0,0.0,0.0,0.0,0.0,0.0,0.0,0.0,0.0,0.0,0.0,0.0,0.0,0.0,0.0,0.0,0.0,0.0,0.0,0.0,0.0,0.0,0.0,0.0,0.0,0.0,0.0,0.0,0.0,0.0,0.0,0.0,0.0,0.0,0.0,0.0,0.0,0.0,0.0,0.0,0.0,0.0,0.0,0.0,0.0,0.0,0.0,0.0,0.0
4506210967486464.0,-0.0032179399859160185,-0.013404999859631062,-0.3681209981441498,0.8192960023880005,1.193519949913025,0.0909074991941452,-1.0,10.0,20635.0,17.81369972229004,26.315099716186523,1.6156200170516968,31.777545928955078,0.5347256660461426,0.975716233253479,8.0,2.0,123.0,0.3021581768989563,27785.0,39.452999114990234,59.15869903564453,4.034369945526123,71.10760498046875,0.5297128558158875,0.982631504535675,8.0,4.0,245.0,0.3316909968852997,34343.0,63.72560119628906,97.41459655761719,6.827459812164307,116.40685272216797,0.5232349634170532,0.9914960265159607,8.0,6.0,399.0,0.3303467035293579,40319.0,92.46189880371094,144.86000061035156,10.22189998626709,171.85350036621094,0.5149633288383484,1.0027010440826416,8.0,8.0,598.0,0.2799929976463318,69990.0,136.656005859375,222.9459991455078,16.200000762939453,261.4952697753906,0.5013291835784912,1.0209050178527832,13.0,2.0,427.0,2.0,76683.0,182.08999633789062,310.843994140625,22.200000762939453,360.2509765625,0.4860839545726776,1.0408892631530762,13.0,4.0,598.0,1.0,82904.0,240.49899291992188,438.593994140625,30.600000381469727,500.20440673828125,0.4639745056629181,1.0692278146743774,13.0,6.0,833.0,2.0,88730.0,299.3999938964844,592.93798828125,41.400001525878906,664.2407836914062,0.43672454357147217,1.103201985359192,13.0,8.0,1089.0,2.0,104316.0,346.4339904785156,746.3690185546875,48.599998474121094,822.8506469726562,0.409477561712265,1.136230230331421,17.0,2.0,1282.0,2.0,109483.0,390.5060119628906,940.5230102539062,65.19999694824219,1018.3704833984375,0.3746364116668701,1.1772547960281372,17.0,4.0,1777.0,2.0,0.0,0.0,0.0,0.0,0.0,0.0,0.0,0.0,0.0,0.0,0.0,0.0,0.0,0.0,0.0,0.0,0.0,0.0,0.0,0.0,0.0,0.0,0.0,0.0,0.0,0.0,0.0,0.0,0.0,0.0,0.0,0.0,0.0,0.0,0.0,0.0,0.0,0.0,0.0,0.0,0.0,0.0,0.0,0.0,0.0,0.0,0.0,0.0,0.0,0.0,0.0,0.0,0.0,0.0,0.0,0.0,0.0,0.0,0.0,0.0,0.0,0.0,0.0,0.0,0.0,0.0,0.0,0.0,0.0,0.0,0.0,0.0,0.0,0.0,0.0,0.0,0.0,0.0,0.0,0.0,0.0,0.0,0.0,0.0,0.0,0.0,0.0,0.0,0.0,0.0,0.0,0.0,0.0,0.0,0.0,0.0,0.0,0.0,0.0,0.0,0.0,0.0,0.0,0.0,0.0,0.0,0.0,0.0,0.0,0.0
4506417125916672.0,-0.0032179399859160185,-0.013404999859631062,-0.3681209981441498,-0.05912590026855469,-0.5641310214996338,-2.6011099815368652,1.0,10.0,10123.0,-28.12339973449707,-150.69400024414062,-702.0,153.2958221435547,-0.1824444681406021,-1.755299687385559,7.0,12.0,24.0,0.28643935918807983,12882.0,-22.719999313354492,-129.4669952392578,-602.0,131.4454345703125,-0.1719980090856552,-1.744516134262085,7.0,14.0,24.0,0.2970159947872162,15830.0,-3.8848700523376465,-31.76609992980957,-147.0590057373047,32.002769470214844,-0.12109537422657013,-1.6924880743026733,8.0,2.0,68.0,1.41446852684021,24169.0,-10.402700424194336,-72.04109954833984,-333.552001953125,72.78829956054688,-0.14243505895137787,-1.7142045497894287,8.0,4.0,72.0,1.4156558513641357,59371.0,-247.30099487304688,-575.8209838867188,-2945.5,626.6798095703125,-0.3850364685058594,-1.9764516353607178,12.0,2.0,33.0,1.0,60445.0,-200.41099548339844,-508.19000244140625,-2554.5,546.2798461914062,-0.3590974807739258,-1.946433186531067,12.0,4.0,32.0,2.0,61583.0,-154.27499389648438,-437.6780090332031,-2154.5,464.0719909667969,-0.32660022377967834,-1.909683346748352,12.0,6.0,32.0,1.0,62797.0,-116.41899871826172,-372.01800537109375,-1798.5,389.80865478515625,-0.29438620805740356,-1.8740812540054321,12.0,8.0,34.0,1.0,64063.0,-86.7291030883789,-313.0369873046875,-1495.5,324.8293151855469,-0.2639242708683014,-1.8410738706588745,12.0,10.0,37.0,2.0,65421.0,-62.73350143432617,-257.06201171875,-1215.5,264.6060485839844,-0.23491594195365906,-1.8101580142974854,12.0,12.0,37.0,1.0,0.0,0.0,0.0,0.0,0.0,0.0,0.0,0.0,0.0,0.0,0.0,0.0,0.0,0.0,0.0,0.0,0.0,0.0,0.0,0.0,0.0,0.0,0.0,0.0,0.0,0.0,0.0,0.0,0.0,0.0,0.0,0.0,0.0,0.0,0.0,0.0,0.0,0.0,0.0,0.0,0.0,0.0,0.0,0.0,0.0,0.0,0.0,0.0,0.0,0.0,0.0,0.0,0.0,0.0,0.0,0.0,0.0,0.0,0.0,0.0,0.0,0.0,0.0,0.0,0.0,0.0,0.0,0.0,0.0,0.0,0.0,0.0,0.0,0.0,0.0,0.0,0.0,0.0,0.0,0.0,0.0,0.0,0.0,0.0,0.0,0.0,0.0,0.0,0.0,0.0,0.0,0.0,0.0,0.0,0.0,0.0,0.0,0.0,0.0,0.0,0.0,0.0,0.0,0.0,0.0,0.0,0.0,0.0,0.0,0.0
4506966881730560.0,-0.0032179399859160185,-0.013404999859631062,-0.3681209981441498,-1.1520099639892578,1.1543999910354614,16.137800216674805,1.0,10.0,23474.0,-22.109100341796875,22.40679931640625,311.1510009765625,31.478199005126953,-0.6546007394790649,2.3495070934295654,8.0,2.0,190.0,3.027897834777832,45373.0,-42.54690170288086,43.541500091552734,602.0,60.87775421142578,-0.6517577171325684,2.344641923904419,9.0,2.0,93.0,0.3164835274219513,48275.0,-49.540401458740234,50.88290023803711,702.0,71.01634216308594,-0.6506922841072083,2.3428268432617188,9.0,4.0,93.0,0.29654398560523987,51133.0,-57.94020080566406,59.71699905395508,822.0,83.2056884765625,-0.6496731042861938,2.3410940170288086,9.0,6.0,93.0,0.2901359796524048,53621.0,-67.66220092773438,70.0990982055664,962.0,97.42718505859375,-0.6481467485427856,2.3385071754455566,9.0,8.0,93.0,0.28734898567199707,55774.0,-77.37789916992188,80.5427017211914,1102.0,111.68915557861328,-0.6467553973197937,2.3361568450927734,9.0,10.0,94.0,0.3033440113067627,57559.0,-90.90609741210938,95.25479888916016,1298.0,131.67153930664062,-0.6447848081588745,2.332839012145996,9.0,12.0,95.0,0.2806476056575775,59000.0,-104.6050033569336,110.36799621582031,1498.0,152.0634765625,-0.6427286863327026,2.329392910003662,9.0,14.0,95.0,0.3372960090637207,97818.0,-176.25,191.2530059814453,2548.5,260.080322265625,-0.6342815160751343,2.3153929710388184,14.0,10.0,147.0,1.0,98967.0,-203.98300170898438,222.80999755859375,2948.5,302.0816955566406,-0.6322790384292603,2.312110424041748,14.0,12.0,147.0,1.0,0.0,0.0,0.0,0.0,0.0,0.0,0.0,0.0,0.0,0.0,0.0,0.0,0.0,0.0,0.0,0.0,0.0,0.0,0.0,0.0,0.0,0.0,0.0,0.0,0.0,0.0,0.0,0.0,0.0,0.0,0.0,0.0,0.0,0.0,0.0,0.0,0.0,0.0,0.0,0.0,0.0,0.0,0.0,0.0,0.0,0.0,0.0,0.0,0.0,0.0,0.0,0.0,0.0,0.0,0.0,0.0,0.0,0.0,0.0,0.0,0.0,0.0,0.0,0.0,0.0,0.0,0.0,0.0,0.0,0.0,0.0,0.0,0.0,0.0,0.0,0.0,0.0,0.0,0.0,0.0,0.0,0.0,0.0,0.0,0.0,0.0,0.0,0.0,0.0,0.0,0.0,0.0,0.0,0.0,0.0,0.0,0.0,0.0,0.0,0.0,0.0,0.0,0.0,0.0,0.0,0.0,0.0,0.0,0.0,0.0
4507310479114240.0,-0.0032179399859160185,-0.013404999859631062,-0.3681209981441498,1.2147400379180908,0.403331995010376,1.5387699604034424,1.0,10.0,20386.0,29.921100616455078,9.6799898147583,37.447601318359375,31.447965621948242,0.846622109413147,0.3128901422023773,8.0,2.0,121.0,0.47254112362861633,28608.0,68.8582992553711,21.577699661254883,86.46739959716797,72.15998077392578,0.8486469984054565,0.30367162823677063,8.0,4.0,274.0,0.4924216866493225,34974.0,111.40599822998047,33.69820022583008,139.74099731445312,116.39099884033203,0.8507617712020874,0.2937314212322235,8.0,6.0,445.0,0.4519527852535248,41356.0,165.02000427246094,47.66910171508789,206.4669952392578,171.76712036132812,0.8533235788345337,0.28121352195739746,8.0,8.0,745.0,0.49531492590904236,71440.0,250.78900146484375,66.97109985351562,312.0,259.5770568847656,0.857230544090271,0.2609524130821228,13.0,2.0,542.0,1.0,78292.0,349.4209899902344,84.45980072021484,433.0,359.483642578125,0.8614410758018494,0.23716460168361664,13.0,4.0,815.0,1.0,84870.0,491.3340148925781,100.9219970703125,605.4000244140625,501.5918273925781,0.8668386936187744,0.2025863230228424,13.0,6.0,1290.0,2.0,90888.0,653.6439819335938,108.23799896240234,801.7999877929688,662.5450439453125,0.8718418478965759,0.16410255432128906,13.0,8.0,1890.0,2.0,106660.0,814.405029296875,103.72000122070312,992.2000122070312,820.983154296875,0.8756964802742004,0.1266748458147049,17.0,2.0,2463.0,2.0,112045.0,1001.0499877929688,84.743896484375,1222.5,1004.6305541992188,0.8788511753082275,0.08445364981889725,18.0,2.0,51.0,2.0,0.0,0.0,0.0,0.0,0.0,0.0,0.0,0.0,0.0,0.0,0.0,0.0,0.0,0.0,0.0,0.0,0.0,0.0,0.0,0.0,0.0,0.0,0.0,0.0,0.0,0.0,0.0,0.0,0.0,0.0,0.0,0.0,0.0,0.0,0.0,0.0,0.0,0.0,0.0,0.0,0.0,0.0,0.0,0.0,0.0,0.0,0.0,0.0,0.0,0.0,0.0,0.0,0.0,0.0,0.0,0.0,0.0,0.0,0.0,0.0,0.0,0.0,0.0,0.0,0.0,0.0,0.0,0.0,0.0,0.0,0.0,0.0,0.0,0.0,0.0,0.0,0.0,0.0,0.0,0.0,0.0,0.0,0.0,0.0,0.0,0.0,0.0,0.0,0.0,0.0,0.0,0.0,0.0,0.0,0.0,0.0,0.0,0.0,0.0,0.0,0.0,0.0,0.0,0.0,0.0,0.0,0.0,0.0,0.0,0.0
4508135112835072.0,-0.0032179399859160185,-0.013404999859631062,-0.3681209981441498,-4.144499778747559,5.245659828186035,-15.691100120544434,1.0,10.0,17051.0,-19.50279998779297,24.734699249267578,-74.31809997558594,31.49864387512207,-0.5851876139640808,2.2384729385375977,8.0,2.0,94.0,0.7935305237770081,25177.0,-44.762001037597656,57.0166015625,-170.5780029296875,72.48812866210938,-0.5837798714637756,2.2363667488098145,8.0,4.0,156.0,0.7752005457878113,31895.0,-71.30850219726562,91.19619750976562,-272.18499755859375,115.76548767089844,-0.5824739336967468,2.2344179153442383,8.0,6.0,201.0,0.8128020763397217,37553.0,-105.21199798583984,135.2740020751953,-402.77099609375,171.37274169921875,-0.5807386636734009,2.2318344116210938,8.0,8.0,145.0,0.7702565789222717,64912.0,-380.3819885253906,510.093994140625,-1495.5,636.3068237304688,-0.5669342875480652,2.211545944213867,12.0,10.0,146.0,1.0,66276.0,-312.864013671875,415.364013671875,-1221.5,520.0107421875,-0.5702384114265442,2.216360569000244,12.0,12.0,145.0,1.0,67448.0,-158.7239990234375,205.76100158691406,-610.5999755859375,259.8670654296875,-0.5780544877052307,2.227853298187256,13.0,2.0,195.0,3.0,73857.0,-220.79400634765625,288.9729919433594,-854.2000122070312,363.6693115234375,-0.574927806854248,2.223238229751587,13.0,4.0,160.0,3.0,100292.0,-542.583984375,744.4550170898438,-2155.5,921.2006225585938,-0.5593666434288025,2.200613021850586,16.0,6.0,84.0,1.0,100745.0,-454.9280090332031,616.8060302734375,-1797.5,766.42626953125,-0.5633038282394409,2.206284523010254,16.0,8.0,83.0,1.0,0.0,0.0,0.0,0.0,0.0,0.0,0.0,0.0,0.0,0.0,0.0,0.0,0.0,0.0,0.0,0.0,0.0,0.0,0.0,0.0,0.0,0.0,0.0,0.0,0.0,0.0,0.0,0.0,0.0,0.0,0.0,0.0,0.0,0.0,0.0,0.0,0.0,0.0,0.0,0.0,0.0,0.0,0.0,0.0,0.0,0.0,0.0,0.0,0.0,0.0,0.0,0.0,0.0,0.0,0.0,0.0,0.0,0.0,0.0,0.0,0.0,0.0,0.0,0.0,0.0,0.0,0.0,0.0,0.0,0.0,0.0,0.0,0.0,0.0,0.0,0.0,0.0,0.0,0.0,0.0,0.0,0.0,0.0,0.0,0.0,0.0,0.0,0.0,0.0,0.0,0.0,0.0,0.0,0.0,0.0,0.0,0.0,0.0,0.0,0.0,0.0,0.0,0.0,0.0,0.0,0.0,0.0,0.0,0.0,0.0
4508341271265280.0,-0.0032179399859160185,-0.013404999859631062,-0.3681209981441498,-1.7125999927520752,-0.5484650135040283,3.9137399196624756,1.0,10.0,19382.0,-30.003599166870117,-9.444270133972168,68.07869720458984,31.454891204833984,-0.8483695387840271,-2.836639881134033,8.0,2.0,113.0,0.7055165767669678,28937.0,-68.56430053710938,-21.03510093688965,155.78700256347656,71.71846771240234,-0.8499308824539185,-2.843914747238159,8.0,4.0,290.0,0.7231025695800781,35784.0,-111.59400177001953,-33.29990005493164,253.14300537109375,116.45645141601562,-0.8515393733978271,-2.85160231590271,8.0,6.0,523.0,0.7144409418106079,42267.0,-165.53799438476562,-47.72460174560547,374.552001953125,172.2801971435547,-0.8534284830093384,-2.8609042167663574,8.0,8.0,940.0,0.6870810985565186,71977.0,-250.67300415039062,-68.32610321044922,565.4000244140625,259.8180236816406,-0.8562648296356201,-2.875486373901367,13.0,2.0,602.0,2.0,79237.0,-348.8559875488281,-88.76950073242188,784.2000122070312,359.97296142578125,-0.859366774559021,-2.8924217224121094,13.0,4.0,1011.0,3.0,91449.0,-545.2849731445312,-120.14399719238281,1218.5,558.3639526367188,-0.8647130727767944,-2.924725294113159,14.0,2.0,7.0,1.0,92878.0,-672.3049926757812,-134.06199645996094,1495.5,685.5411376953125,-0.8676550388336182,-2.944767713546753,14.0,4.0,4.0,1.0,112797.0,-805.073974609375,-143.49899291992188,1794.5,817.7628173828125,-0.8703591227531433,-2.9652018547058105,18.0,6.0,4.0,2.0,113205.0,-972.4290161132812,-151.53900146484375,2152.5,984.165771484375,-0.872915506362915,-2.9870004653930664,18.0,8.0,3.0,2.0,0.0,0.0,0.0,0.0,0.0,0.0,0.0,0.0,0.0,0.0,0.0,0.0,0.0,0.0,0.0,0.0,0.0,0.0,0.0,0.0,0.0,0.0,0.0,0.0,0.0,0.0,0.0,0.0,0.0,0.0,0.0,0.0,0.0,0.0,0.0,0.0,0.0,0.0,0.0,0.0,0.0,0.0,0.0,0.0,0.0,0.0,0.0,0.0,0.0,0.0,0.0,0.0,0.0,0.0,0.0,0.0,0.0,0.0,0.0,0.0,0.0,0.0,0.0,0.0,0.0,0.0,0.0,0.0,0.0,0.0,0.0,0.0,0.0,0.0,0.0,0.0,0.0,0.0,0.0,0.0,0.0,0.0,0.0,0.0,0.0,0.0,0.0,0.0,0.0,0.0,0.0,0.0,0.0,0.0,0.0,0.0,0.0,0.0,0.0,0.0,0.0,0.0,0.0,0.0,0.0,0.0,0.0,0.0,0.0,0.0
4508616149172224.0,-0.0032179399859160185,-0.013404999859631062,-0.3681209981441498,-0.8281019926071167,-1.6186800003051758,-1.1719399690628052,-1.0,10.0,17564.0,-14.401800155639648,-28.508899688720703,-20.94770050048828,31.940088272094727,-0.4368705749511719,-2.0385701656341553,8.0,2.0,99.0,0.3751835823059082,26251.0,-32.033599853515625,-64.45989990234375,-46.78099822998047,71.98075866699219,-0.43151313066482544,-2.0320041179656982,8.0,4.0,198.0,0.3677949905395508,32612.0,-51.05889892578125,-104.51899719238281,-75.34750366210938,116.32382202148438,-0.42594075202941895,-2.025212287902832,8.0,6.0,270.0,0.3692670166492462,38925.0,-73.71520233154297,-154.25799560546875,-110.56999969482422,170.9662628173828,-0.41881635785102844,-2.0165834426879883,8.0,8.0,404.0,0.3696404993534088,68713.0,-108.7979965209961,-236.33200073242188,-168.1999969482422,260.17266845703125,-0.40685808658599854,-2.002232789993286,13.0,2.0,328.0,2.0,75626.0,-145.2740020751953,-329.8009948730469,-232.1999969482422,360.3793029785156,-0.3929251432418823,-1.9857134819030762,13.0,4.0,459.0,3.0,81644.0,-190.58700561523438,-461.57598876953125,-321.6000061035156,499.3753967285156,-0.37294504046440125,-1.962377905845642,13.0,6.0,561.0,2.0,87378.0,-235.89700317382812,-618.5830078125,-425.79998779296875,662.0364990234375,-0.34918099641799927,-1.9351229667663574,13.0,8.0,632.0,1.0,102973.0,-271.3399963378906,-772.5560302734375,-531.2000122070312,818.8212280273438,-0.3255953788757324,-1.908560872077942,17.0,2.0,624.0,2.0,107645.0,-305.70001220703125,-975.7449951171875,-655.7999877929688,1022.5120239257812,-0.2946859896183014,-1.8744089603424072,17.0,4.0,639.0,3.0,0.0,0.0,0.0,0.0,0.0,0.0,0.0,0.0,0.0,0.0,0.0,0.0,0.0,0.0,0.0,0.0,0.0,0.0,0.0,0.0,0.0,0.0,0.0,0.0,0.0,0.0,0.0,0.0,0.0,0.0,0.0,0.0,0.0,0.0,0.0,0.0,0.0,0.0,0.0,0.0,0.0,0.0,0.0,0.0,0.0,0.0,0.0,0.0,0.0,0.0,0.0,0.0,0.0,0.0,0.0,0.0,0.0,0.0,0.0,0.0,0.0,0.0,0.0,0.0,0.0,0.0,0.0,0.0,0.0,0.0,0.0,0.0,0.0,0.0,0.0,0.0,0.0,0.0,0.0,0.0,0.0,0.0,0.0,0.0,0.0,0.0,0.0,0.0,0.0,0.0,0.0,0.0,0.0,0.0,0.0,0.0,0.0,0.0,0.0,0.0,0.0,0.0,0.0,0.0,0.0,0.0,0.0,0.0,0.0,0.0
4508822307602432.0,-0.0032179399859160185,-0.013404999859631062,-0.3681209981441498,-0.532185971736908,0.31453999876976013,-1.539489984512329,-1.0,10.0,17141.0,-27.377300262451172,15.60949993133545,-78.83679962158203,31.5146484375,-0.7854326963424683,2.6234018802642822,8.0,2.0,95.0,0.8040313124656677,25218.0,-63.566001892089844,34.475799560546875,-180.7259979248047,72.31332397460938,-0.7932029962539673,2.644632339477539,8.0,4.0,158.0,0.8246256709098816,31561.0,-102.61199951171875,52.819000244140625,-288.9230041503906,115.40827178955078,-0.8007593154907227,2.6662187576293945,8.0,6.0,152.0,0.8105414509773254,37304.0,-155.43699645996094,74.4260025024414,-432.23199462890625,172.33656311035156,-0.8103072643280029,2.6950340270996094,8.0,8.0,73.0,0.803591787815094,65054.0,-569.739013671875,140.15499877929688,-1495.5,586.7247924804688,-0.8607539534568787,2.900383472442627,12.0,10.0,164.0,2.0,66452.0,-460.9580078125,138.91900634765625,-1221.5,481.4361572265625,-0.8509742021560669,2.848879337310791,12.0,12.0,163.0,2.0,67468.0,-240.4149932861328,102.0270004272461,-657.7999877929688,261.16827392578125,-0.824053943157196,2.740248441696167,13.0,2.0,198.0,3.0,73688.0,-339.052001953125,124.19000244140625,-912.4000244140625,361.0809020996094,-0.8375696539878845,2.7904834747314453,13.0,4.0,109.0,3.0,99942.0,-971.0349731445312,65.0,-2552.5,973.2080688476562,-0.8797937631607056,3.074753522872925,16.0,4.0,98.0,1.0,100352.0,-823.3510131835938,104.92400360107422,-2147.5,830.0095825195312,-0.8756895065307617,3.014840602874756,16.0,6.0,95.0,2.0,0.0,0.0,0.0,0.0,0.0,0.0,0.0,0.0,0.0,0.0,0.0,0.0,0.0,0.0,0.0,0.0,0.0,0.0,0.0,0.0,0.0,0.0,0.0,0.0,0.0,0.0,0.0,0.0,0.0,0.0,0.0,0.0,0.0,0.0,0.0,0.0,0.0,0.0,0.0,0.0,0.0,0.0,0.0,0.0,0.0,0.0,0.0,0.0,0.0,0.0,0.0,0.0,0.0,0.0,0.0,0.0,0.0,0.0,0.0,0.0,0.0,0.0,0.0,0.0,0.0,0.0,0.0,0.0,0.0,0.0,0.0,0.0,0.0,0.0,0.0,0.0,0.0,0.0,0.0,0.0,0.0,0.0,0.0,0.0,0.0,0.0,0.0,0.0,0.0,0.0,0.0,0.0,0.0,0.0,0.0,0.0,0.0,0.0,0.0,0.0,0.0,0.0,0.0,0.0,0.0,0.0,0.0,0.0,0.0,0.0
4508891027079168.0,-0.0032179399859160185,-0.013404999859631062,-0.3681209981441498,0.11706800013780594,-1.067080020904541,-4.774730205535889,-1.0,10.0,10280.0,24.020200729370117,-155.72799682617188,-702.0,157.56959533691406,0.15185748040676117,-1.4177577495574951,7.0,12.0,30.0,0.31953200697898865,13038.0,19.78059959411621,-133.65899658203125,-602.0,135.11476135253906,0.14588043093681335,-1.4238697290420532,7.0,14.0,30.0,0.3480510115623474,15884.0,3.850069999694824,-32.48400115966797,-145.76600646972656,32.71136474609375,0.11742816865444183,-1.452824592590332,8.0,2.0,69.0,1.3966543674468994,24183.0,9.299599647521973,-71.36360168457031,-320.60699462890625,71.96697998046875,0.12886343896389008,-1.441213607788086,8.0,4.0,73.0,1.3550541400909424,59473.0,176.8350067138672,-635.6920166015625,-2945.5,659.8295288085938,0.2648923993110657,-1.2994787693023682,12.0,2.0,50.0,1.0,60557.0,144.26800537109375,-551.2440185546875,-2545.5,569.809814453125,0.25055640935897827,-1.314823865890503,12.0,4.0,50.0,1.0,61715.0,113.69100189208984,-469.4750061035156,-2154.5,483.0449523925781,0.23324266076087952,-1.3332040309906006,12.0,6.0,51.0,1.0,62894.0,87.5260009765625,-394.30999755859375,-1801.5,403.9073791503906,0.21503709256649017,-1.352365255355835,12.0,8.0,47.0,1.0,64163.0,67.07319641113281,-328.7950134277344,-1495.5,335.566650390625,0.19857285916805267,-1.3695604801177979,12.0,10.0,49.0,1.0,65513.0,49.915000915527344,-267.4989929199219,-1215.5,272.1161804199219,0.18241921067237854,-1.3863190412521362,12.0,12.0,49.0,1.0,0.0,0.0,0.0,0.0,0.0,0.0,0.0,0.0,0.0,0.0,0.0,0.0,0.0,0.0,0.0,0.0,0.0,0.0,0.0,0.0,0.0,0.0,0.0,0.0,0.0,0.0,0.0,0.0,0.0,0.0,0.0,0.0,0.0,0.0,0.0,0.0,0.0,0.0,0.0,0.0,0.0,0.0,0.0,0.0,0.0,0.0,0.0,0.0,0.0,0.0,0.0,0.0,0.0,0.0,0.0,0.0,0.0,0.0,0.0,0.0,0.0,0.0,0.0,0.0,0.0,0.0,0.0,0.0,0.0,0.0,0.0,0.0,0.0,0.0,0.0,0.0,0.0,0.0,0.0,0.0,0.0,0.0,0.0,0.0,0.0,0.0,0.0,0.0,0.0,0.0,0.0,0.0,0.0,0.0,0.0,0.0,0.0,0.0,0.0,0.0,0.0,0.0,0.0,0.0,0.0,0.0,0.0,0.0,0.0,0.0
4509165904986112.0,-0.0032179399859160185,-0.013404999859631062,-0.3681209981441498,0.1828799992799759,-0.24848699569702148,1.5359699726104736,1.0,10.0,22507.0,17.99650001525879,-26.0802001953125,157.37600708007812,31.6867618560791,0.5411487817764282,-0.9667831659317017,8.0,2.0,150.0,1.577778697013855,30301.0,38.42729949951172,-60.52750015258789,357.1199951171875,71.6954345703125,0.513159453868866,-1.0051285028457642,8.0,4.0,395.0,1.539197564125061,43791.0,59.266700744628906,-105.01699829101562,602.0,120.58653259277344,0.4735845923423767,-1.0570000410079956,9.0,2.0,37.0,0.32669597864151,46756.0,66.56909942626953,-123.572998046875,702.0,140.36285400390625,0.45807555317878723,-1.0766680240631104,9.0,4.0,37.0,0.3413144052028656,49658.0,74.32569885253906,-146.02699279785156,822.0,163.8541717529297,0.4393383264541626,-1.0999857187271118,9.0,6.0,37.0,0.33023199439048767,93261.0,99.03620147705078,-274.9070129394531,1498.5,292.2020568847656,0.3327556550502777,-1.2250163555145264,14.0,4.0,52.0,1.0,94584.0,100.77899932861328,-331.9049987792969,1795.5,346.8678894042969,0.2866003215312958,-1.2760052680969238,14.0,6.0,49.0,1.0,95918.0,97.2698974609375,-398.02801513671875,2154.5,409.7410583496094,0.23521851003170013,-1.3311145305633545,14.0,8.0,51.0,1.0,97126.0,89.5344009399414,-468.2179870605469,2551.5,476.70166015625,0.18673355877399445,-1.3818535804748535,14.0,10.0,47.0,1.0,98297.0,81.02249908447266,-534.176025390625,2951.5,540.2857666015625,0.14940591156482697,-1.4202661514282227,14.0,12.0,47.0,1.0,0.0,0.0,0.0,0.0,0.0,0.0,0.0,0.0,0.0,0.0,0.0,0.0,0.0,0.0,0.0,0.0,0.0,0.0,0.0,0.0,0.0,0.0,0.0,0.0,0.0,0.0,0.0,0.0,0.0,0.0,0.0,0.0,0.0,0.0,0.0,0.0,0.0,0.0,0.0,0.0,0.0,0.0,0.0,0.0,0.0,0.0,0.0,0.0,0.0,0.0,0.0,0.0,0.0,0.0,0.0,0.0,0.0,0.0,0.0,0.0,0.0,0.0,0.0,0.0,0.0,0.0,0.0,0.0,0.0,0.0,0.0,0.0,0.0,0.0,0.0,0.0,0.0,0.0,0.0,0.0,0.0,0.0,0.0,0.0,0.0,0.0,0.0,0.0,0.0,0.0,0.0,0.0,0.0,0.0,0.0,0.0,0.0,0.0,0.0,0.0,0.0,0.0,0.0,0.0,0.0,0.0,0.0,0.0,0.0,0.0
4510196697137152.0,-0.0032179399859160185,-0.013404999859631062,-0.3681209981441498,0.7081720232963562,0.20771999657154083,-5.2635698318481445,-1.0,10.0,3962.0,144.14999389648438,51.76839828491211,-1098.0,153.16392517089844,0.8391411304473877,0.3447840213775635,7.0,6.0,61.0,0.24252860248088837,6025.0,126.11499786376953,44.35240173339844,-958.0,133.68667602539062,0.8407525420188904,0.33817267417907715,7.0,8.0,61.0,0.2916339933872223,8449.0,108.03900146484375,37.1338005065918,-818.0,114.24248504638672,0.8424510955810547,0.33105793595314026,7.0,10.0,61.0,0.28640198707580566,11046.0,92.97049713134766,31.284700393676758,-702.0,98.09304809570312,0.8439612984657288,0.32459908723831177,7.0,12.0,60.0,0.26062899827957153,13770.0,79.36710357666016,26.227500915527344,-598.0,83.58839416503906,0.8452094793319702,0.3191605806350708,7.0,14.0,58.0,0.22158899903297424,15549.0,30.078899383544922,9.2289400100708,-224.75900268554688,31.462890625,0.8499248027801514,0.29770588874816895,8.0,2.0,57.0,2.1430633068084717,59751.0,376.7489929199219,166.53199768066406,-2951.5,411.9134521484375,0.8197029232978821,0.41620108485221863,12.0,2.0,96.0,1.0,60881.0,326.70098876953125,140.9250030517578,-2548.5,355.7996520996094,0.8223457336425781,0.40724337100982666,12.0,4.0,97.0,1.0,62034.0,276.5299987792969,114.83999633789062,-2148.5,299.42791748046875,0.8262530565261841,0.39361706376075745,12.0,6.0,97.0,1.0,63238.0,232.55799865722656,92.5615005493164,-1798.5,250.30152893066406,0.8303492665290833,0.37879374623298645,12.0,8.0,97.0,1.0,0.0,0.0,0.0,0.0,0.0,0.0,0.0,0.0,0.0,0.0,0.0,0.0,0.0,0.0,0.0,0.0,0.0,0.0,0.0,0.0,0.0,0.0,0.0,0.0,0.0,0.0,0.0,0.0,0.0,0.0,0.0,0.0,0.0,0.0,0.0,0.0,0.0,0.0,0.0,0.0,0.0,0.0,0.0,0.0,0.0,0.0,0.0,0.0,0.0,0.0,0.0,0.0,0.0,0.0,0.0,0.0,0.0,0.0,0.0,0.0,0.0,0.0,0.0,0.0,0.0,0.0,0.0,0.0,0.0,0.0,0.0,0.0,0.0,0.0,0.0,0.0,0.0,0.0,0.0,0.0,0.0,0.0,0.0,0.0,0.0,0.0,0.0,0.0,0.0,0.0,0.0,0.0,0.0,0.0,0.0,0.0,0.0,0.0,0.0,0.0,0.0,0.0,0.0,0.0,0.0,0.0,0.0,0.0,0.0,0.0
4510265416613888.0,-0.0032179399859160185,-0.013404999859631062,-0.3681209981441498,0.5383620262145996,0.38861799240112305,-2.147900104522705,1.0,10.0,16836.0,25.933700561523438,18.160499572753906,-102.83699798583984,31.660078048706055,0.7475361824035645,0.6109047532081604,8.0,2.0,90.0,1.016066074371338,24614.0,59.01559829711914,39.65769958496094,-230.7030029296875,71.1025619506836,0.7559283971786499,0.5916767120361328,8.0,4.0,115.0,0.9957444071769714,31142.0,96.9885025024414,62.419898986816406,-373.8789978027344,115.33869171142578,0.7642894387245178,0.5718490481376648,8.0,6.0,83.0,1.0164631605148315,62017.0,613.093994140625,220.52000427246094,-2145.5,651.546875,0.8390200138092041,0.3452756702899933,12.0,6.0,95.0,2.0,63232.0,508.30499267578125,205.53199768066406,-1795.5,548.2858276367188,0.8288605213165283,0.384248822927475,12.0,8.0,95.0,1.0,64522.0,419.9630126953125,187.63600158691406,-1501.5,459.97412109375,0.8185092806816101,0.4201827347278595,12.0,10.0,96.0,1.0,65888.0,336.4289855957031,165.33399963378906,-1218.5,374.8597106933594,0.8069923520088196,0.45677459239959717,12.0,12.0,97.0,2.0,66952.0,227.3520050048828,126.25199890136719,-843.2000122070312,260.0548095703125,0.7896015048027039,0.5069147348403931,13.0,2.0,104.0,2.0,99365.0,846.625,243.60699462890625,-2947.5,880.9757080078125,0.8535318374633789,0.2801705002784729,16.0,2.0,54.0,1.0,99767.0,730.0809936523438,231.03799438476562,-2547.5,765.7655029296875,0.8480356931686401,0.3064842224121094,16.0,4.0,54.0,1.0,0.0,0.0,0.0,0.0,0.0,0.0,0.0,0.0,0.0,0.0,0.0,0.0,0.0,0.0,0.0,0.0,0.0,0.0,0.0,0.0,0.0,0.0,0.0,0.0,0.0,0.0,0.0,0.0,0.0,0.0,0.0,0.0,0.0,0.0,0.0,0.0,0.0,0.0,0.0,0.0,0.0,0.0,0.0,0.0,0.0,0.0,0.0,0.0,0.0,0.0,0.0,0.0,0.0,0.0,0.0,0.0,0.0,0.0,0.0,0.0,0.0,0.0,0.0,0.0,0.0,0.0,0.0,0.0,0.0,0.0,0.0,0.0,0.0,0.0,0.0,0.0,0.0,0.0,0.0,0.0,0.0,0.0,0.0,0.0,0.0,0.0,0.0,0.0,0.0,0.0,0.0,0.0,0.0,0.0,0.0,0.0,0.0,0.0,0.0,0.0,0.0,0.0,0.0,0.0,0.0,0.0,0.0,0.0,0.0,0.0
4510402855567360.0,-0.0032179399859160185,-0.013404999859631062,-0.3681209981441498,-0.2269189953804016,0.2374259978532791,-0.5578759908676147,-1.0,10.0,18976.0,-22.797000885009766,22.456199645996094,-54.78300094604492,31.999752044677734,-0.6628050208091736,2.363725423812866,8.0,2.0,110.0,0.6150814890861511,25985.0,-53.44300079345703,48.833900451660156,-123.71499633789062,72.39408874511719,-0.6836993098258972,2.401228904724121,8.0,4.0,189.0,0.5993852019309998,32455.0,-89.48529815673828,75.19280242919922,-200.23199462890625,116.88274383544922,-0.7055796384811401,2.442768096923828,8.0,6.0,255.0,0.5803056955337524,37918.0,-136.71200561523438,103.51399993896484,-294.781005859375,171.47979736328125,-0.7305184006690979,2.4935195446014404,8.0,8.0,226.0,0.6146318316459656,66484.0,-644.9349975585938,99.7582015991211,-1218.5,652.6046752929688,-0.8730389475822449,2.9881293773651123,12.0,12.0,167.0,3.0,68161.0,-220.66600036621094,139.36399841308594,-452.5,260.99005126953125,-0.7678018808364868,2.57828950881958,13.0,2.0,277.0,4.0,74428.0,-326.3689880371094,161.875,-639.47998046875,364.3078918457031,-0.8057867884635925,2.6811599731445312,13.0,4.0,276.0,5.0,80164.0,-477.12701416015625,157.1820068359375,-904.4000244140625,502.3508605957031,-0.8454193472862244,2.823355197906494,13.0,6.0,152.0,6.0,100375.0,-872.10302734375,-122.44499969482422,-1802.5,880.6567993164062,-0.8744890689849854,-3.0021023750305176,16.0,8.0,3.0,3.0,101322.0,-766.6719970703125,8.701399803161621,-1494.5,766.7213745117188,-0.8813281059265137,3.1302435398101807,16.0,10.0,97.0,3.0,0.0,0.0,0.0,0.0,0.0,0.0,0.0,0.0,0.0,0.0,0.0,0.0,0.0,0.0,0.0,0.0,0.0,0.0,0.0,0.0,0.0,0.0,0.0,0.0,0.0,0.0,0.0,0.0,0.0,0.0,0.0,0.0,0.0,0.0,0.0,0.0,0.0,0.0,0.0,0.0,0.0,0.0,0.0,0.0,0.0,0.0,0.0,0.0,0.0,0.0,0.0,0.0,0.0,0.0,0.0,0.0,0.0,0.0,0.0,0.0,0.0,0.0,0.0,0.0,0.0,0.0,0.0,0.0,0.0,0.0,0.0,0.0,0.0,0.0,0.0,0.0,0.0,0.0,0.0,0.0,0.0,0.0,0.0,0.0,0.0,0.0,0.0,0.0,0.0,0.0,0.0,0.0,0.0,0.0,0.0,0.0,0.0,0.0,0.0,0.0,0.0,0.0,0.0,0.0,0.0,0.0,0.0,0.0,0.0,0.0
4510677733474304.0,-0.0032179399859160185,-0.013404999859631062,-0.3681209981441498,0.32821598649024963,-0.9559749960899353,3.3125,-1.0,10.0,21594.0,10.669300079345703,-30.09980010986328,104.25599670410156,31.9348087310791,0.32817378640174866,-1.2301501035690308,8.0,2.0,133.0,1.018122673034668,29548.0,24.87470054626465,-67.3281021118164,234.4499969482422,71.77620697021484,0.3399721384048462,-1.2168959379196167,8.0,4.0,330.0,1.0383268594741821,36596.0,41.472599029541016,-107.72599792480469,377.1659851074219,115.43338775634766,0.3519653081893921,-1.2033029794692993,8.0,6.0,640.0,1.0179345607757568,72845.0,105.0510025024414,-240.36199951171875,858.7999877929688,262.31585693359375,0.3904764950275421,-1.158760905265808,13.0,2.0,733.0,2.0,91844.0,159.26600646972656,-334.9490051269531,1215.5,370.8861083984375,0.4172108769416809,-1.1269456148147583,14.0,2.0,55.0,2.0,93307.0,207.1300048828125,-409.5039978027344,1504.5,458.9078063964844,0.43728435039520264,-1.1025139093399048,14.0,4.0,57.0,1.0,94642.0,258.1340026855469,-482.3869934082031,1795.5,547.1109619140625,0.4558594822883606,-1.0794504880905151,14.0,6.0,56.0,1.0,95939.0,322.4700012207031,-568.1240234375,2145.5,653.262451171875,0.47550714015960693,-1.0545374155044556,14.0,8.0,56.0,1.0,113761.0,399.04400634765625,-666.6539916992188,2547.5,776.9579467773438,0.49334093928337097,-1.031423568725586,18.0,10.0,34.0,1.0,114216.0,476.09698486328125,-765.7579956054688,2955.5,901.6948852539062,0.5061165690422058,-1.0145498514175415,18.0,12.0,33.0,1.0,0.0,0.0,0.0,0.0,0.0,0.0,0.0,0.0,0.0,0.0,0.0,0.0,0.0,0.0,0.0,0.0,0.0,0.0,0.0,0.0,0.0,0.0,0.0,0.0,0.0,0.0,0.0,0.0,0.0,0.0,0.0,0.0,0.0,0.0,0.0,0.0,0.0,0.0,0.0,0.0,0.0,0.0,0.0,0.0,0.0,0.0,0.0,0.0,0.0,0.0,0.0,0.0,0.0,0.0,0.0,0.0,0.0,0.0,0.0,0.0,0.0,0.0,0.0,0.0,0.0,0.0,0.0,0.0,0.0,0.0,0.0,0.0,0.0,0.0,0.0,0.0,0.0,0.0,0.0,0.0,0.0,0.0,0.0,0.0,0.0,0.0,0.0,0.0,0.0,0.0,0.0,0.0,0.0,0.0,0.0,0.0,0.0,0.0,0.0,0.0,0.0,0.0,0.0,0.0,0.0,0.0,0.0,0.0,0.0,0.0
4510746452951040.0,-0.0032179399859160185,-0.013404999859631062,-0.3681209981441498,0.3775370121002197,0.252595990896225,0.3678309917449951,1.0,10.0,20559.0,26.842599868774414,17.142900466918945,25.438199996948242,31.849712371826172,0.7657336592674255,0.5683515667915344,8.0,2.0,122.0,0.38721030950546265,27712.0,61.06159973144531,36.8568000793457,57.501800537109375,71.32280731201172,0.7759010195732117,0.5430625677108765,8.0,4.0,243.0,0.3944198787212372,34994.0,101.90499877929688,57.170501708984375,94.39469909667969,116.8464584350586,0.7880052924156189,0.5112626552581787,8.0,6.0,447.0,0.4029994010925293,40863.0,152.74899291992188,78.19400024414062,138.92799377441406,171.59999084472656,0.80152428150177,0.47313153743743896,8.0,8.0,669.0,0.3792644739151001,71017.0,240.52200317382812,104.40399932861328,213.39999389648438,262.2041931152344,0.8216766119003296,0.40953001379966736,13.0,2.0,503.0,3.0,77905.0,341.6090087890625,121.18699645996094,296.3999938964844,362.4679260253906,0.8400908708572388,0.34090328216552734,13.0,4.0,759.0,2.0,84289.0,490.3890075683594,119.2979965209961,417.3999938964844,504.6913757324219,0.8611922860145569,0.23863662779331207,13.0,6.0,1134.0,2.0,90153.0,656.9169921875,82.01329803466797,555.2000122070312,662.0167236328125,0.8759159445762634,0.12420312315225601,13.0,8.0,1583.0,3.0,106017.0,822.3159790039062,1.5843199491500854,704.7999877929688,822.3175048828125,0.8813722133636475,0.001926653552800417,17.0,2.0,2100.0,4.0,111457.0,1008.0599975585938,-167.94400024414062,910.7999877929688,1021.9541015625,0.8717272281646729,-0.16508497297763824,17.0,4.0,2960.0,5.0,0.0,0.0,0.0,0.0,0.0,0.0,0.0,0.0,0.0,0.0,0.0,0.0,0.0,0.0,0.0,0.0,0.0,0.0,0.0,0.0,0.0,0.0,0.0,0.0,0.0,0.0,0.0,0.0,0.0,0.0,0.0,0.0,0.0,0.0,0.0,0.0,0.0,0.0,0.0,0.0,0.0,0.0,0.0,0.0,0.0,0.0,0.0,0.0,0.0,0.0,0.0,0.0,0.0,0.0,0.0,0.0,0.0,0.0,0.0,0.0,0.0,0.0,0.0,0.0,0.0,0.0,0.0,0.0,0.0,0.0,0.0,0.0,0.0,0.0,0.0,0.0,0.0,0.0,0.0,0.0,0.0,0.0,0.0,0.0,0.0,0.0,0.0,0.0,0.0,0.0,0.0,0.0,0.0,0.0,0.0,0.0,0.0,0.0,0.0,0.0,0.0,0.0,0.0,0.0,0.0,0.0,0.0,0.0,0.0,0.0
4510815172427776.0,-0.0032179399859160185,-0.013404999859631062,-0.3681209981441498,1.0412800312042236,0.21397000551223755,0.7337920069694519,-1.0,10.0,20334.0,30.983699798583984,6.640880107879639,21.51849937438965,31.687393188476562,0.8655831217765808,0.21114011108875275,8.0,2.0,121.0,0.381070613861084,27681.0,70.86150360107422,16.085399627685547,49.91360092163086,72.66424560546875,0.8637215495109558,0.22321508824825287,8.0,4.0,242.0,0.39456406235694885,34948.0,112.33799743652344,26.989500045776367,79.72630310058594,115.53466033935547,0.86167311668396,0.23578383028507233,8.0,6.0,444.0,0.3666474521160126,40839.0,167.57400512695312,43.189701080322266,119.78399658203125,173.05027770996094,0.8588188886642456,0.25224539637565613,8.0,8.0,667.0,0.39956575632095337,71004.0,253.32000732421875,72.17489624023438,182.60000610351562,263.40130615234375,0.8540495038032532,0.27756136655807495,13.0,2.0,502.0,2.0,77511.0,346.20098876953125,108.99600219726562,251.8000030517578,362.9535217285156,0.8483567833900452,0.30501022934913635,13.0,4.0,703.0,3.0,83950.0,468.2909851074219,166.63999938964844,345.20001220703125,497.0566711425781,0.8398542404174805,0.34187430143356323,13.0,6.0,1058.0,3.0,89894.0,611.2030029296875,249.92799377441406,459.1000061035156,660.3280639648438,0.8277782797813416,0.38816508650779724,13.0,8.0,1486.0,4.0,105786.0,744.1339721679688,344.9119873046875,569.4000244140625,820.1826782226562,0.814267098903656,0.4340301752090454,17.0,2.0,1989.0,2.0,110962.0,900.1710205078125,482.1419982910156,715.5999755859375,1021.1604614257812,0.7950658798217773,0.49172934889793396,17.0,4.0,2672.0,4.0,0.0,0.0,0.0,0.0,0.0,0.0,0.0,0.0,0.0,0.0,0.0,0.0,0.0,0.0,0.0,0.0,0.0,0.0,0.0,0.0,0.0,0.0,0.0,0.0,0.0,0.0,0.0,0.0,0.0,0.0,0.0,0.0,0.0,0.0,0.0,0.0,0.0,0.0,0.0,0.0,0.0,0.0,0.0,0.0,0.0,0.0,0.0,0.0,0.0,0.0,0.0,0.0,0.0,0.0,0.0,0.0,0.0,0.0,0.0,0.0,0.0,0.0,0.0,0.0,0.0,0.0,0.0,0.0,0.0,0.0,0.0,0.0,0.0,0.0,0.0,0.0,0.0,0.0,0.0,0.0,0.0,0.0,0.0,0.0,0.0,0.0,0.0,0.0,0.0,0.0,0.0,0.0,0.0,0.0,0.0,0.0,0.0,0.0,0.0,0.0,0.0,0.0,0.0,0.0,0.0,0.0,0.0,0.0,0.0,0.0
4510952611381248.0,-0.0032179399859160185,-0.013404999859631062,-0.3681209981441498,-0.4501250088214874,-0.1025800034403801,-4.555469989776611,-1.0,10.0,80.0,-143.4810028076172,-48.6963996887207,-1498.0,151.51943969726562,-0.8433580994606018,-2.814398765563965,7.0,2.0,7.0,0.26740050315856934,1388.0,-124.96499633789062,-40.433799743652344,-1298.0,131.34359741210938,-0.8466131091117859,-2.828662872314453,7.0,4.0,7.0,0.30730900168418884,2931.0,-106.59400177001953,-32.85240173339844,-1102.0,111.541748046875,-0.849657416343689,-2.8426289558410645,7.0,6.0,5.0,0.31355899572372437,4807.0,-92.99759674072266,-27.648799896240234,-958.0,97.02066040039062,-0.8517467975616455,-2.8526086807250977,7.0,8.0,4.0,0.26507997512817383,7023.0,-79.66850280761719,-22.803300857543945,-818.0,82.86772918701172,-0.8538097143173218,-2.862818717956543,7.0,10.0,4.0,0.2879819869995117,9601.0,-68.17150115966797,-18.91189956665039,-698.0,70.74612426757812,-0.855404794216156,-2.870981216430664,7.0,12.0,4.0,0.3016301095485687,12346.0,-58.49869918823242,-15.766900062561035,-598.0,60.586246490478516,-0.8567986488342285,-2.8783230781555176,7.0,14.0,4.0,0.3215233087539673,15135.0,-31.116899490356445,-7.760009765625,-316.760009765625,32.069908142089844,-0.860203742980957,-2.897195339202881,8.0,2.0,33.0,3.0335168838500977,59259.0,-269.8089904785156,-118.3010025024414,-2945.5,294.6048583984375,-0.8205896019935608,-2.72837495803833,12.0,2.0,12.0,1.0,60323.0,-236.73599243164062,-98.02310180664062,-2545.5,256.22735595703125,-0.8265480399131775,-2.749023914337158,12.0,4.0,12.0,1.0,0.0,0.0,0.0,0.0,0.0,0.0,0.0,0.0,0.0,0.0,0.0,0.0,0.0,0.0,0.0,0.0,0.0,0.0,0.0,0.0,0.0,0.0,0.0,0.0,0.0,0.0,0.0,0.0,0.0,0.0,0.0,0.0,0.0,0.0,0.0,0.0,0.0,0.0,0.0,0.0,0.0,0.0,0.0,0.0,0.0,0.0,0.0,0.0,0.0,0.0,0.0,0.0,0.0,0.0,0.0,0.0,0.0,0.0,0.0,0.0,0.0,0.0,0.0,0.0,0.0,0.0,0.0,0.0,0.0,0.0,0.0,0.0,0.0,0.0,0.0,0.0,0.0,0.0,0.0,0.0,0.0,0.0,0.0,0.0,0.0,0.0,0.0,0.0,0.0,0.0,0.0,0.0,0.0,0.0,0.0,0.0,0.0,0.0,0.0,0.0,0.0,0.0,0.0,0.0,0.0,0.0,0.0,0.0,0.0,0.0
4511777245102080.0,-0.0032179399859160185,-0.013404999859631062,-0.3681209981441498,-0.341497004032135,0.3288849890232086,-3.553839921951294,-1.0,10.0,2700.0,-136.55499267578125,105.43199920654297,-1302.0,172.5200653076172,-0.7260414958000183,2.4841065406799316,7.0,4.0,97.0,0.2833012044429779,4554.0,-114.27400207519531,91.34950256347656,-1102.0,146.29859924316406,-0.7178424596786499,2.467223644256592,7.0,6.0,97.0,0.3118314743041992,6744.0,-98.95130157470703,81.0958023071289,-962.0,127.93704986572266,-0.7117918729782104,2.455042600631714,7.0,8.0,97.0,0.24843299388885498,9278.0,-83.8302993774414,70.42420196533203,-822.0,109.48555755615234,-0.705639660358429,2.442885637283325,7.0,10.0,97.0,0.32771819829940796,11953.0,-70.59500122070312,60.52399826049805,-697.5,92.98822021484375,-0.7004766464233398,2.432852268218994,7.0,12.0,96.0,0.25763121247291565,14748.0,-60.14139938354492,52.38479995727539,-597.5,79.75685119628906,-0.6963914632797241,2.4250171184539795,7.0,14.0,96.0,0.3229919970035553,15669.0,-23.190500259399414,21.440900802612305,-237.0540008544922,31.583406448364258,-0.6805094480514526,2.3953754901885986,8.0,2.0,62.0,2.2353427410125732,60156.0,-328.6340026855469,197.58900451660156,-2945.5,383.460205078125,-0.7765787839889526,2.60025954246521,12.0,2.0,156.0,1.0,61281.0,-281.82598876953125,177.86199951171875,-2545.5,333.2578430175781,-0.7679343223571777,2.5786147117614746,12.0,4.0,156.0,1.0,62435.0,-234.17300415039062,156.6820068359375,-2148.5,281.7556457519531,-0.7567854523658752,2.5519165992736816,12.0,6.0,153.0,1.0,0.0,0.0,0.0,0.0,0.0,0.0,0.0,0.0,0.0,0.0,0.0,0.0,0.0,0.0,0.0,0.0,0.0,0.0,0.0,0.0,0.0,0.0,0.0,0.0,0.0,0.0,0.0,0.0,0.0,0.0,0.0,0.0,0.0,0.0,0.0,0.0,0.0,0.0,0.0,0.0,0.0,0.0,0.0,0.0,0.0,0.0,0.0,0.0,0.0,0.0,0.0,0.0,0.0,0.0,0.0,0.0,0.0,0.0,0.0,0.0,0.0,0.0,0.0,0.0,0.0,0.0,0.0,0.0,0.0,0.0,0.0,0.0,0.0,0.0,0.0,0.0,0.0,0.0,0.0,0.0,0.0,0.0,0.0,0.0,0.0,0.0,0.0,0.0,0.0,0.0,0.0,0.0,0.0,0.0,0.0,0.0,0.0,0.0,0.0,0.0,0.0,0.0,0.0,0.0,0.0,0.0,0.0,0.0,0.0,0.0
4512120842485760.0,-0.0032179399859160185,-0.013404999859631062,-0.3681209981441498,-0.7289810180664062,-0.10027900338172913,2.3735198974609375,-1.0,10.0,21424.0,-32.129600524902344,-4.863719940185547,104.37200164794922,32.49564743041992,-0.8733859062194824,-2.9913551807403564,8.0,2.0,129.0,1.005813717842102,29435.0,-70.7522964477539,-11.817399978637695,231.1199951171875,71.73240661621094,-0.8716790080070496,-2.97609543800354,8.0,4.0,321.0,1.0009523630142212,36517.0,-114.30400085449219,-21.07939910888672,374.49700927734375,116.23143005371094,-0.8695992231369019,-2.959226369857788,8.0,6.0,626.0,1.0266244411468506,72788.0,-254.20199584960938,-61.8927001953125,845.0,261.6282958984375,-0.8611594438552856,-2.902761220932007,13.0,2.0,722.0,4.0,91460.0,-361.26800537109375,-104.98300170898438,1218.5,376.21270751953125,-0.8530036807060242,-2.858785629272461,14.0,2.0,8.0,1.0,92920.0,-440.71600341796875,-144.16000366210938,1504.5,463.6946105957031,-0.8458949327468872,-2.8254587650299072,14.0,4.0,9.0,2.0,94288.0,-519.8679809570312,-188.8040008544922,1795.5,553.0910034179688,-0.8382552862167358,-2.7932276725769043,14.0,6.0,10.0,1.0,95602.0,-610.8140258789062,-246.552001953125,2145.5,658.6969604492188,-0.8290265202522278,-2.7579479217529297,14.0,8.0,10.0,2.0,113640.0,-710.0380249023438,-314.69500732421875,2544.5,776.651123046875,-0.8194068670272827,-2.724400758743286,18.0,10.0,8.0,2.0,114100.0,-813.760986328125,-385.3800048828125,2952.5,900.4025268554688,-0.811670184135437,-2.6993045806884766,18.0,12.0,7.0,1.0,0.0,0.0,0.0,0.0,0.0,0.0,0.0,0.0,0.0,0.0,0.0,0.0,0.0,0.0,0.0,0.0,0.0,0.0,0.0,0.0,0.0,0.0,0.0,0.0,0.0,0.0,0.0,0.0,0.0,0.0,0.0,0.0,0.0,0.0,0.0,0.0,0.0,0.0,0.0,0.0,0.0,0.0,0.0,0.0,0.0,0.0,0.0,0.0,0.0,0.0,0.0,0.0,0.0,0.0,0.0,0.0,0.0,0.0,0.0,0.0,0.0,0.0,0.0,0.0,0.0,0.0,0.0,0.0,0.0,0.0,0.0,0.0,0.0,0.0,0.0,0.0,0.0,0.0,0.0,0.0,0.0,0.0,0.0,0.0,0.0,0.0,0.0,0.0,0.0,0.0,0.0,0.0,0.0,0.0,0.0,0.0,0.0,0.0,0.0,0.0,0.0,0.0,0.0,0.0,0.0,0.0,0.0,0.0,0.0,0.0
4512189561962496.0,-0.0032179399859160185,-0.013404999859631062,-0.3681209981441498,0.2849520146846771,0.2016959935426712,1.5714399814605713,1.0,10.0,22638.0,26.40559959411621,17.632200241088867,142.62399291992188,31.751380920410156,0.7571818828582764,0.588748574256897,8.0,2.0,154.0,1.3720426559448242,30050.0,60.56650161743164,37.53459930419922,321.4960021972656,71.25410461425781,0.7712429165840149,0.554797351360321,8.0,4.0,371.0,1.4366950988769531,44542.0,116.05899810791016,64.15809631347656,598.0,132.61204528808594,0.7903018593788147,0.5049948692321777,9.0,2.0,64.0,0.30587080121040344,47465.0,136.54400634765625,72.59190368652344,698.0,154.6410369873047,0.7961578369140625,0.4886360466480255,9.0,4.0,64.0,0.30600249767303467,92180.0,246.96299743652344,104.61299896240234,1218.5,268.2062683105469,0.8242440819740295,0.4006824195384979,14.0,2.0,97.0,1.0,93583.0,308.1239929199219,114.30999755859375,1498.5,328.6444396972656,0.8365258574485779,0.3552477955818176,14.0,4.0,97.0,2.0,94886.0,372.0220031738281,119.26799774169922,1795.5,390.67279052734375,0.8472101092338562,0.31024160981178284,14.0,6.0,93.0,2.0,96190.0,448.4580078125,121.62200164794922,2154.5,464.6573791503906,0.8565055131912231,0.2648303508758545,14.0,8.0,94.0,1.0,97421.0,530.3870239257812,123.33000183105469,2554.5,544.537109375,0.8628791570663452,0.22846834361553192,14.0,10.0,94.0,1.0,98577.0,606.3670043945312,128.47799682617188,2945.5,619.82861328125,0.8659327626228333,0.20879361033439636,14.0,12.0,89.0,1.0,0.0,0.0,0.0,0.0,0.0,0.0,0.0,0.0,0.0,0.0,0.0,0.0,0.0,0.0,0.0,0.0,0.0,0.0,0.0,0.0,0.0,0.0,0.0,0.0,0.0,0.0,0.0,0.0,0.0,0.0,0.0,0.0,0.0,0.0,0.0,0.0,0.0,0.0,0.0,0.0,0.0,0.0,0.0,0.0,0.0,0.0,0.0,0.0,0.0,0.0,0.0,0.0,0.0,0.0,0.0,0.0,0.0,0.0,0.0,0.0,0.0,0.0,0.0,0.0,0.0,0.0,0.0,0.0,0.0,0.0,0.0,0.0,0.0,0.0,0.0,0.0,0.0,0.0,0.0,0.0,0.0,0.0,0.0,0.0,0.0,0.0,0.0,0.0,0.0,0.0,0.0,0.0,0.0,0.0,0.0,0.0,0.0,0.0,0.0,0.0,0.0,0.0,0.0,0.0,0.0,0.0,0.0,0.0,0.0,0.0
4512533159346176.0,-0.0032179399859160185,-0.013404999859631062,-0.3681209981441498,0.7733250260353088,0.16124199330806732,0.9588159918785095,-1.0,10.0,20381.0,30.923099517822266,6.8142499923706055,38.05459976196289,31.66499900817871,0.8647089004516602,0.21689476072788239,8.0,2.0,121.0,0.48461952805519104,28602.0,71.09339904785156,16.76180076599121,88.16380310058594,73.04265594482422,0.862376868724823,0.23154300451278687,8.0,4.0,274.0,0.48864689469337463,34955.0,111.90699768066406,28.282499313354492,139.656005859375,115.42562866210938,0.8596530556678772,0.24754847586154938,8.0,6.0,444.0,0.4930056035518646,41360.0,165.96299743652344,45.57059860229492,208.6580047607422,172.10577392578125,0.8559091687202454,0.26797839999198914,8.0,8.0,745.0,0.503092348575592,71447.0,249.89700317382812,77.3595962524414,317.6000061035156,261.5970458984375,0.8493916988372803,0.3002096116542816,13.0,2.0,542.0,3.0,78288.0,344.55999755859375,121.50199890136719,444.3999938964844,365.3550720214844,0.8405489325523376,0.339015394449234,13.0,4.0,815.0,4.0,84879.0,465.7869873046875,192.31100463867188,615.5999755859375,503.9256286621094,0.8268325924873352,0.3915545642375946,13.0,6.0,1292.0,4.0,90903.0,594.2839965820312,288.2409973144531,810.2000122070312,660.4970703125,0.8086830973625183,0.451593816280365,13.0,8.0,1895.0,3.0,106671.0,717.4229736328125,404.4840087890625,1013.7999877929688,823.591552734375,0.7872238159179688,0.5133774280548096,17.0,2.0,2470.0,4.0,112098.0,826.333984375,533.573974609375,1222.5,983.6305541992188,0.7636649012565613,0.5733550786972046,18.0,2.0,59.0,3.0,0.0,0.0,0.0,0.0,0.0,0.0,0.0,0.0,0.0,0.0,0.0,0.0,0.0,0.0,0.0,0.0,0.0,0.0,0.0,0.0,0.0,0.0,0.0,0.0,0.0,0.0,0.0,0.0,0.0,0.0,0.0,0.0,0.0,0.0,0.0,0.0,0.0,0.0,0.0,0.0,0.0,0.0,0.0,0.0,0.0,0.0,0.0,0.0,0.0,0.0,0.0,0.0,0.0,0.0,0.0,0.0,0.0,0.0,0.0,0.0,0.0,0.0,0.0,0.0,0.0,0.0,0.0,0.0,0.0,0.0,0.0,0.0,0.0,0.0,0.0,0.0,0.0,0.0,0.0,0.0,0.0,0.0,0.0,0.0,0.0,0.0,0.0,0.0,0.0,0.0,0.0,0.0,0.0,0.0,0.0,0.0,0.0,0.0,0.0,0.0,0.0,0.0,0.0,0.0,0.0,0.0,0.0,0.0,0.0,0.0
4512670598299648.0,-0.0032179399859160185,-0.013404999859631062,-0.3681209981441498,-0.1058799996972084,0.48225098848342896,-2.262860059738159,1.0,10.0,11622.0,-18.93779945373535,151.50399780273438,-702.0,152.68301391601562,-0.12371748685836792,1.6951500177383423,7.0,12.0,84.0,0.3382270038127899,14419.0,-17.97640037536621,129.7729949951172,-602.0,131.0121307373047,-0.13678482174873352,1.708442211151123,7.0,14.0,84.0,0.3184186816215515,16159.0,-6.307859897613525,31.62470054626465,-148.1540069580078,32.24764633178711,-0.19438032805919647,1.7676724195480347,8.0,2.0,77.0,1.39837646484375,24318.0,-12.31659984588623,70.6312026977539,-328.781005859375,71.69703674316406,-0.17095279693603516,1.7434393167495728,8.0,4.0,89.0,1.4148595333099365,59950.0,68.56590270996094,628.0059814453125,-2945.5,631.7379150390625,0.10832337290048599,1.46204674243927,12.0,2.0,124.0,1.0,61057.0,46.108699798583984,545.6729736328125,-2551.5,547.6175537109375,0.08409950137138367,1.4864977598190308,12.0,4.0,126.0,1.0,62241.0,22.548500061035156,462.864013671875,-2151.5,463.41290283203125,0.04863828048110008,1.5221196413040161,12.0,6.0,126.0,1.0,63488.0,4.639999866485596,387.6000061035156,-1798.5,387.6277770996094,0.011969932354986668,1.5588258504867554,12.0,8.0,128.0,2.0,64789.0,-7.320000171661377,323.3999938964844,-1498.5,323.4828186035156,-0.022626683115959167,1.5934269428253174,12.0,10.0,128.0,2.0,66135.0,-14.880000114440918,263.3999938964844,-1218.5,263.8199462890625,-0.05637219175696373,1.6272283792495728,12.0,12.0,128.0,1.0,0.0,0.0,0.0,0.0,0.0,0.0,0.0,0.0,0.0,0.0,0.0,0.0,0.0,0.0,0.0,0.0,0.0,0.0,0.0,0.0,0.0,0.0,0.0,0.0,0.0,0.0,0.0,0.0,0.0,0.0,0.0,0.0,0.0,0.0,0.0,0.0,0.0,0.0,0.0,0.0,0.0,0.0,0.0,0.0,0.0,0.0,0.0,0.0,0.0,0.0,0.0,0.0,0.0,0.0,0.0,0.0,0.0,0.0,0.0,0.0,0.0,0.0,0.0,0.0,0.0,0.0,0.0,0.0,0.0,0.0,0.0,0.0,0.0,0.0,0.0,0.0,0.0,0.0,0.0,0.0,0.0,0.0,0.0,0.0,0.0,0.0,0.0,0.0,0.0,0.0,0.0,0.0,0.0,0.0,0.0,0.0,0.0,0.0,0.0,0.0,0.0,0.0,0.0,0.0,0.0,0.0,0.0,0.0,0.0,0.0
4512739317776384.0,-0.0032179399859160185,-0.013404999859631062,-0.3681209981441498,0.31942400336265564,-0.37778401374816895,-2.0855400562286377,-1.0,10.0,10545.0,119.01499938964844,-114.4540023803711,-698.0,165.1190185546875,0.6696096658706665,-0.765864908695221,7.0,12.0,41.0,0.30036699771881104,13312.0,100.52200317382812,-99.49639892578125,-598.0,141.4362335205078,0.6614291071891785,-0.7802706956863403,7.0,14.0,41.0,0.29815781116485596,16586.0,20.743200302124023,-23.626800537109375,-132.7969970703125,31.44051742553711,0.6193893551826477,-0.8502967357635498,8.0,2.0,86.0,1.3162661790847778,24198.0,48.76850128173828,-52.660099029541016,-303.04998779296875,71.77362060546875,0.6357722282409668,-0.8237472176551819,8.0,4.0,76.0,1.2955336570739746,59617.0,607.3140258789062,-330.13800048828125,-2945.5,691.2462768554688,0.7928592562675476,-0.4979189932346344,12.0,2.0,73.0,1.0,60699.0,515.0040283203125,-301.6340026855469,-2548.5,596.8351440429688,0.7810288071632385,-0.5298328399658203,12.0,4.0,70.0,2.0,61841.0,425.63299560546875,-273.5069885253906,-2154.5,505.934326171875,0.7645798325538635,-0.5711475610733032,12.0,6.0,69.0,2.0,63054.0,347.4700012207031,-244.72799682617188,-1804.5,425.0025634765625,0.7463306188583374,-0.6136154532432556,12.0,8.0,69.0,2.0,64309.0,279.2590026855469,-214.68299865722656,-1495.5,352.241943359375,0.727039635181427,-0.6553994417190552,12.0,10.0,68.0,1.0,65643.0,221.427001953125,-184.10400390625,-1218.5,287.96563720703125,0.7082267999649048,-0.693621814250946,12.0,12.0,65.0,2.0,0.0,0.0,0.0,0.0,0.0,0.0,0.0,0.0,0.0,0.0,0.0,0.0,0.0,0.0,0.0,0.0,0.0,0.0,0.0,0.0,0.0,0.0,0.0,0.0,0.0,0.0,0.0,0.0,0.0,0.0,0.0,0.0,0.0,0.0,0.0,0.0,0.0,0.0,0.0,0.0,0.0,0.0,0.0,0.0,0.0,0.0,0.0,0.0,0.0,0.0,0.0,0.0,0.0,0.0,0.0,0.0,0.0,0.0,0.0,0.0,0.0,0.0,0.0,0.0,0.0,0.0,0.0,0.0,0.0,0.0,0.0,0.0,0.0,0.0,0.0,0.0,0.0,0.0,0.0,0.0,0.0,0.0,0.0,0.0,0.0,0.0,0.0,0.0,0.0,0.0,0.0,0.0,0.0,0.0,0.0,0.0,0.0,0.0,0.0,0.0,0.0,0.0,0.0,0.0,0.0,0.0,0.0,0.0,0.0,0.0
4506692020604929.0,-18.22439956665039,5.3732099533081055,74.0374984741211,-0.0012311800383031368,-0.42576101422309875,0.7439110279083252,-1.0,10.0,21521.0,-17.582300186157227,-26.976200103759766,130.56300354003906,32.2001953125,-0.5219997763633728,-2.1484155654907227,8.0,2.0,131.0,0.6909984946250916,29022.0,-14.368000030517578,-69.66670227050781,205.16099548339844,71.13289642333984,-0.20063917338848114,-1.774183750152588,8.0,4.0,295.0,0.6290975213050842,36246.0,-8.24174976348877,-115.63899993896484,285.8630065917969,115.93232727050781,-0.07103130966424942,-1.6419473886489868,8.0,6.0,585.0,0.5741512775421143,42327.0,3.617799997329712,-171.74000549316406,386.1650085449219,171.77810668945312,0.02105935476720333,-1.5497338771820068,8.0,8.0,956.0,0.6152023077011108,72040.0,30.824600219726562,-258.4580078125,545.0,260.2896423339844,0.11814907938241959,-1.4520936012268066,13.0,2.0,611.0,4.0,79040.0,75.3582992553711,-353.1549987792969,729.0999755859375,361.105712890625,0.2072017937898636,-1.3605635166168213,13.0,4.0,968.0,4.0,85744.0,160.1269989013672,-475.4620056152344,990.280029296875,501.7018737792969,0.3139829933643341,-1.2459453344345093,13.0,6.0,1584.0,5.0,91828.0,252.16299438476562,-568.1710205078125,1218.5,621.6144409179688,0.3952837288379669,-1.1530975103378296,14.0,2.0,53.0,4.0,112459.0,379.1109924316406,-655.0800170898438,1494.5,756.871826171875,0.48200950026512146,-1.0461673736572266,18.0,4.0,32.0,2.0,112908.0,535.1799926757812,-725.7869873046875,1797.5,901.767333984375,0.5632251501083374,-0.9354217648506165,18.0,6.0,34.0,2.0,0.0,0.0,0.0,0.0,0.0,0.0,0.0,0.0,0.0,0.0,0.0,0.0,0.0,0.0,0.0,0.0,0.0,0.0,0.0,0.0,0.0,0.0,0.0,0.0,0.0,0.0,0.0,0.0,0.0,0.0,0.0,0.0,0.0,0.0,0.0,0.0,0.0,0.0,0.0,0.0,0.0,0.0,0.0,0.0,0.0,0.0,0.0,0.0,0.0,0.0,0.0,0.0,0.0,0.0,0.0,0.0,0.0,0.0,0.0,0.0,0.0,0.0,0.0,0.0,0.0,0.0,0.0,0.0,0.0,0.0,0.0,0.0,0.0,0.0,0.0,0.0,0.0,0.0,0.0,0.0,0.0,0.0,0.0,0.0,0.0,0.0,0.0,0.0,0.0,0.0,0.0,0.0,0.0,0.0,0.0,0.0,0.0,0.0,0.0,0.0,0.0,0.0,0.0,0.0,0.0,0.0,0.0,0.0,0.0,0.0
4506692020609026.0,-18.22439956665039,5.3732099533081055,74.0374984741211,-0.17007699608802795,0.25617900490760803,0.4526920020580292,1.0,10.0,22181.0,-26.58639907836914,18.391399383544922,96.81749725341797,32.327701568603516,-0.7500666975975037,2.5364184379577637,8.0,2.0,143.0,0.6452420949935913,29352.0,-46.76940155029297,54.10240173339844,157.72000122070312,71.5153579711914,-0.6145559549331665,2.283626079559326,8.0,4.0,316.0,0.535141110420227,36100.0,-65.55480194091797,95.07270050048828,224.81900024414062,115.48268127441406,-0.5408957600593567,2.1744561195373535,8.0,6.0,564.0,0.5688402652740479,42200.0,-84.16419982910156,148.9510040283203,310.0509948730469,171.08482360839844,-0.47399476170539856,2.085117816925049,8.0,8.0,923.0,0.5614704489707947,71900.0,-100.85800170898438,241.39999389648438,452.20001220703125,261.6224365234375,-0.37654799222946167,1.9665565490722656,13.0,2.0,593.0,3.0,78936.0,-98.42009735107422,347.5889892578125,612.5999755859375,361.2542419433594,-0.26917752623558044,1.8467243909835815,13.0,4.0,941.0,3.0,85435.0,-53.5718994140625,500.7929992675781,854.5999755859375,503.6502685546875,-0.10616768896579742,1.6773651838302612,13.0,6.0,1464.0,4.0,92425.0,90.48190307617188,688.4409790039062,1215.5,694.3615112304688,0.12994350492954254,1.440115213394165,14.0,2.0,124.0,5.0,112624.0,242.24200439453125,781.1920166015625,1494.5,817.8887939453125,0.29201188683509827,1.2701060771942139,18.0,4.0,69.0,4.0,113052.0,427.1390075683594,828.2760009765625,1802.5,931.927490234375,0.4436424970626831,1.0946705341339111,18.0,6.0,66.0,4.0,0.0,0.0,0.0,0.0,0.0,0.0,0.0,0.0,0.0,0.0,0.0,0.0,0.0,0.0,0.0,0.0,0.0,0.0,0.0,0.0,0.0,0.0,0.0,0.0,0.0,0.0,0.0,0.0,0.0,0.0,0.0,0.0,0.0,0.0,0.0,0.0,0.0,0.0,0.0,0.0,0.0,0.0,0.0,0.0,0.0,0.0,0.0,0.0,0.0,0.0,0.0,0.0,0.0,0.0,0.0,0.0,0.0,0.0,0.0,0.0,0.0,0.0,0.0,0.0,0.0,0.0,0.0,0.0,0.0,0.0,0.0,0.0,0.0,0.0,0.0,0.0,0.0,0.0,0.0,0.0,0.0,0.0,0.0,0.0,0.0,0.0,0.0,0.0,0.0,0.0,0.0,0.0,0.0,0.0,0.0,0.0,0.0,0.0,0.0,0.0,0.0,0.0,0.0,0.0,0.0,0.0,0.0,0.0,0.0,0.0
4506692020613122.0,-18.22439956665039,5.3732099533081055,74.0374984741211,-0.3710150122642517,0.043925199657678604,0.534500002861023,1.0,10.0,22272.0,-31.58449935913086,7.104330062866211,93.31089782714844,32.373634338378906,-0.8640317320823669,2.9203438758850098,8.0,2.0,144.0,0.5128859281539917,29406.0,-69.78240203857422,13.625300407409668,148.82899475097656,71.10015869140625,-0.8682074546813965,2.9487645626068115,8.0,4.0,319.0,0.5474873781204224,36151.0,-114.19499969482422,24.618200302124023,214.1699981689453,116.81846618652344,-0.8654041290283203,2.9292619228363037,8.0,6.0,571.0,0.5563048124313354,42247.0,-165.78700256347656,42.05839920043945,292.0799865722656,171.03871154785156,-0.8594945669174194,2.8931446075439453,8.0,8.0,933.0,0.5439005494117737,71942.0,-251.8179931640625,83.11959838867188,428.6000061035156,265.181396484375,-0.8452874422073364,2.822774648666382,13.0,2.0,598.0,3.0,78681.0,-331.2430114746094,137.13800048828125,566.7999877929688,358.50909423828125,-0.8265600204467773,2.7490670680999756,13.0,4.0,893.0,3.0,85477.0,-438.9219970703125,244.9739990234375,787.0999755859375,502.65771484375,-0.7888153791427612,2.6325316429138184,13.0,6.0,1476.0,4.0,91369.0,-528.2039794921875,398.3340148925781,1045.47998046875,661.56591796875,-0.7314298152923584,2.4954540729522705,13.0,8.0,2132.0,5.0,112237.0,-560.3519897460938,506.41900634765625,1217.5,755.284423828125,-0.6866615414619446,2.4067087173461914,18.0,2.0,87.0,4.0,112711.0,-584.3330078125,701.2680053710938,1505.5,912.8098754882812,-0.6029449701309204,2.265486717224121,18.0,4.0,84.0,3.0,0.0,0.0,0.0,0.0,0.0,0.0,0.0,0.0,0.0,0.0,0.0,0.0,0.0,0.0,0.0,0.0,0.0,0.0,0.0,0.0,0.0,0.0,0.0,0.0,0.0,0.0,0.0,0.0,0.0,0.0,0.0,0.0,0.0,0.0,0.0,0.0,0.0,0.0,0.0,0.0,0.0,0.0,0.0,0.0,0.0,0.0,0.0,0.0,0.0,0.0,0.0,0.0,0.0,0.0,0.0,0.0,0.0,0.0,0.0,0.0,0.0,0.0,0.0,0.0,0.0,0.0,0.0,0.0,0.0,0.0,0.0,0.0,0.0,0.0,0.0,0.0,0.0,0.0,0.0,0.0,0.0,0.0,0.0,0.0,0.0,0.0,0.0,0.0,0.0,0.0,0.0,0.0,0.0,0.0,0.0,0.0,0.0,0.0,0.0,0.0,0.0,0.0,0.0,0.0,0.0,0.0,0.0,0.0,0.0,0.0
4506692020621314.0,-18.22439956665039,5.3732099533081055,74.0374984741211,-0.15393400192260742,0.04140570014715195,0.6137189865112305,1.0,10.0,22236.0,-31.460399627685547,9.304889678955078,127.20600128173828,32.807586669921875,-0.8520374894142151,2.8540256023406982,8.0,2.0,144.0,1.2207716703414917,30194.0,-68.01399993896484,24.978099822998047,280.2969970703125,72.45556640625,-0.8373568058013916,2.7896342277526855,8.0,4.0,383.0,1.2164887189865112,37043.0,-105.30799865722656,48.345401763916016,450.16900634765625,115.87516021728516,-0.8153977990150452,2.7112088203430176,8.0,6.0,725.0,1.2991942167282104,45562.0,-135.07699584960938,74.35310363769531,602.0,154.18878173828125,-0.7909584045410156,2.638404130935669,9.0,2.0,100.0,0.3097078204154968,73305.0,-198.031005859375,170.53700256347656,1046.6800537109375,261.341064453125,-0.699334979057312,2.4306535720825195,13.0,2.0,836.0,5.0,92670.0,-211.70399475097656,213.64500427246094,1215.5,300.7702941894531,-0.6558364629745483,2.3516311645507812,14.0,2.0,150.0,2.0,94013.0,-220.98300170898438,288.4360046386719,1498.5,363.3576965332031,-0.5758172273635864,2.224548816680908,14.0,4.0,147.0,2.0,95279.0,-215.14999389648438,369.8800048828125,1804.5,427.9027099609375,-0.48371586203575134,2.097632646560669,14.0,6.0,142.0,3.0,96540.0,-193.91000366210938,456.3299865722656,2151.5,495.8206787109375,-0.38174891471862793,1.9726108312606812,14.0,8.0,139.0,2.0,97728.0,-164.55299377441406,545.8090209960938,2545.5,570.07470703125,-0.2847864031791687,1.863614559173584,14.0,10.0,135.0,2.0,0.0,0.0,0.0,0.0,0.0,0.0,0.0,0.0,0.0,0.0,0.0,0.0,0.0,0.0,0.0,0.0,0.0,0.0,0.0,0.0,0.0,0.0,0.0,0.0,0.0,0.0,0.0,0.0,0.0,0.0,0.0,0.0,0.0,0.0,0.0,0.0,0.0,0.0,0.0,0.0,0.0,0.0,0.0,0.0,0.0,0.0,0.0,0.0,0.0,0.0,0.0,0.0,0.0,0.0,0.0,0.0,0.0,0.0,0.0,0.0,0.0,0.0,0.0,0.0,0.0,0.0,0.0,0.0,0.0,0.0,0.0,0.0,0.0,0.0,0.0,0.0,0.0,0.0,0.0,0.0,0.0,0.0,0.0,0.0,0.0,0.0,0.0,0.0,0.0,0.0,0.0,0.0,0.0,0.0,0.0,0.0,0.0,0.0,0.0,0.0,0.0,0.0,0.0,0.0,0.0,0.0,0.0,0.0,0.0,0.0
